solid OpenSCAD_Model
  facet normal 0.8660254037844386 0.5 0
    outer loop
      vertex -7.7749999999999995 -13.466695028848019 30
      vertex -15.549999999999999 0 45
      vertex -7.7749999999999995 -13.466695028848019 45
    endloop
  endfacet
  facet normal 0.8660254037844386 0.5 1.8201534664836214e-17
    outer loop
      vertex -7.7749999999999995 -13.466695028848019 30
      vertex -15.549999999999999 0 30
      vertex -15.549999999999999 0 45
    endloop
  endfacet
  facet normal 0 0 1
    outer loop
      vertex -7.7749999999999995 -13.466695028848019 30
      vertex -7.582429754572902 -10.43631922743682 30
      vertex -7.7749999999999995 -10.286946433621226 30
    endloop
  endfacet
  facet normal 0 0 1
    outer loop
      vertex -7.7749999999999995 -13.466695028848019 30
      vertex -6.912165655229056 -10.891830238975992 30
      vertex -7.582429754572902 -10.43631922743682 30
    endloop
  endfacet
  facet normal 0 0 1
    outer loop
      vertex -7.7749999999999995 -13.466695028848019 30
      vertex -4.748806729632344 -11.994116667958442 30
      vertex -5.02065917278644 -11.876475610816293 30
    endloop
  endfacet
  facet normal 0 0 1
    outer loop
      vertex -7.7749999999999995 -13.466695028848019 30
      vertex -3.986319227436821 -12.268629060207479 30
      vertex -4.748806729632344 -11.994116667958442 30
    endloop
  endfacet
  facet normal 0 0 1
    outer loop
      vertex -7.7749999999999995 -13.466695028848019 30
      vertex -3.208099544426627 -12.494722778559339 30
      vertex -3.986319227436821 -12.268629060207479 30
    endloop
  endfacet
  facet normal 0 0 1
    outer loop
      vertex -7.7749999999999995 -13.466695028848019 30
      vertex -6.447170816825506 -11.166827419817114 30
      vertex -6.912165655229056 -10.891830238975992 30
    endloop
  endfacet
  facet normal 0 0 1
    outer loop
      vertex -7.7749999999999995 -13.466695028848019 30
      vertex -2.41721895815585 -12.671505534400081 30
      vertex -3.208099544426627 -12.494722778559339 30
    endloop
  endfacet
  facet normal 0 0 1
    outer loop
      vertex -7.7749999999999995 -13.466695028848019 30
      vertex -1.6167987129795223 -12.798279646956763 30
      vertex -2.41721895815585 -12.671505534400081 30
    endloop
  endfacet
  facet normal 0 0 1
    outer loop
      vertex -7.7749999999999995 -13.466695028848019 30
      vertex -0.8099977019281475 -12.874544796724702 30
      vertex -1.6167987129795223 -12.798279646956763 30
    endloop
  endfacet
  facet normal 0 0 1
    outer loop
      vertex -7.7749999999999995 -13.466695028848019 30
      vertex 0 -12.899999999999999 30
      vertex -0.8099977019281475 -12.874544796724702 30
    endloop
  endfacet
  facet normal 0 0 1
    outer loop
      vertex -7.7749999999999995 -13.466695028848019 30
      vertex 0.8099977019281475 -12.874544796724702 30
      vertex 0 -12.899999999999999 30
    endloop
  endfacet
  facet normal 0 0 1
    outer loop
      vertex -7.7749999999999995 10.286946433621226 30
      vertex -7.582429754572902 10.43631922743682 30
      vertex -7.7749999999999995 13.466695028848015 30
    endloop
  endfacet
  facet normal 0 0 1
    outer loop
      vertex -7.582429754572902 10.43631922743682 30
      vertex -6.912165655229056 10.891830238975992 30
      vertex -7.7749999999999995 13.466695028848015 30
    endloop
  endfacet
  facet normal 0 0 1
    outer loop
      vertex -6.912165655229056 10.891830238975992 30
      vertex -6.214622395912126 11.30435617256584 30
      vertex -7.7749999999999995 13.466695028848015 30
    endloop
  endfacet
  facet normal 0 0 1
    outer loop
      vertex -6.214622395912126 11.30435617256584 30
      vertex -5.492552861189438 11.67226897681165 30
      vertex -7.7749999999999995 13.466695028848015 30
    endloop
  endfacet
  facet normal 0 0 1
    outer loop
      vertex -7.7749999999999995 13.466695028848015 30
      vertex -5.492552861189438 11.67226897681165 30
      vertex -4.748806729632344 11.994116667958442 30
    endloop
  endfacet
  facet normal 0 0 1
    outer loop
      vertex -7.7749999999999995 13.466695028848015 30
      vertex -4.748806729632344 11.994116667958442 30
      vertex -3.986319227436821 12.268629060207479 30
    endloop
  endfacet
  facet normal 0 0 1
    outer loop
      vertex -7.7749999999999995 13.466695028848015 30
      vertex -3.986319227436821 12.268629060207479 30
      vertex -3.208099544426627 12.494722778559339 30
    endloop
  endfacet
  facet normal 0 0 1
    outer loop
      vertex -7.7749999999999995 13.466695028848015 30
      vertex -3.208099544426627 12.494722778559339 30
      vertex -2.4172189581558468 12.671505534400083 30
    endloop
  endfacet
  facet normal 0 0 1
    outer loop
      vertex -7.7749999999999995 13.466695028848015 30
      vertex -2.4172189581558468 12.671505534400083 30
      vertex -1.6167987129795252 12.798279646956763 30
    endloop
  endfacet
  facet normal 0 0 1
    outer loop
      vertex -7.7749999999999995 13.466695028848015 30
      vertex -1.6167987129795252 12.798279646956763 30
      vertex -0.8099977019281411 12.874544796724702 30
    endloop
  endfacet
  facet normal 0 0 1
    outer loop
      vertex -7.7749999999999995 13.466695028848015 30
      vertex -0.8099977019281411 12.874544796724702 30
      vertex 7.7749999999999995 13.466695028848019 30
    endloop
  endfacet
  facet normal 0 0 1
    outer loop
      vertex -7.7749999999999995 -13.466695028848019 30
      vertex 7.774999999999998 -13.466695028848019 30
      vertex 0.8099977019281475 -12.874544796724702 30
    endloop
  endfacet
  facet normal 0 0 1
    outer loop
      vertex 0.8099977019281475 -12.874544796724702 30
      vertex 7.774999999999998 -13.466695028848019 30
      vertex 1.6167987129795223 -12.798279646956763 30
    endloop
  endfacet
  facet normal 0 0 1
    outer loop
      vertex 1.6167987129795223 -12.798279646956763 30
      vertex 7.774999999999998 -13.466695028848019 30
      vertex 2.41721895815585 -12.671505534400081 30
    endloop
  endfacet
  facet normal 0 0 1
    outer loop
      vertex 2.41721895815585 -12.671505534400081 30
      vertex 7.774999999999998 -13.466695028848019 30
      vertex 3.208099544426622 -12.49472277855934 30
    endloop
  endfacet
  facet normal 0 0 1
    outer loop
      vertex 3.208099544426622 -12.49472277855934 30
      vertex 7.774999999999998 -13.466695028848019 30
      vertex 3.986319227436821 -12.268629060207479 30
    endloop
  endfacet
  facet normal 0 0 1
    outer loop
      vertex 3.986319227436821 -12.268629060207479 30
      vertex 7.774999999999998 -13.466695028848019 30
      vertex 4.74880672963235 -11.994116667958439 30
    endloop
  endfacet
  facet normal 0 0 1
    outer loop
      vertex 4.74880672963235 -11.994116667958439 30
      vertex 7.774999999999998 -13.466695028848019 30
      vertex 5.492552861189433 -11.672268976811651 30
    endloop
  endfacet
  facet normal 0 0 1
    outer loop
      vertex 5.492552861189433 -11.672268976811651 30
      vertex 7.774999999999998 -13.466695028848019 30
      vertex 6.214622395912127 -11.304356172565837 30
    endloop
  endfacet
  facet normal 0 0 1
    outer loop
      vertex 7.774999999999998 -13.466695028848019 30
      vertex 6.9121656552290505 -10.891830238975997 30
      vertex 6.214622395912127 -11.304356172565837 30
    endloop
  endfacet
  facet normal 0 0 1
    outer loop
      vertex 7.774999999999998 -13.466695028848019 30
      vertex 7.582429754572902 -10.43631922743682 30
      vertex 6.9121656552290505 -10.891830238975997 30
    endloop
  endfacet
  facet normal 0 0 1
    outer loop
      vertex 7.774999999999998 -13.466695028848019 30
      vertex 8.2227694677581 -9.939620831807677 30
      vertex 7.582429754572902 -10.43631922743682 30
    endloop
  endfacet
  facet normal 0 0 1
    outer loop
      vertex 7.774999999999998 -13.466695028848019 30
      vertex 8.83065766648008 -9.40369529373621 30
      vertex 8.2227694677581 -9.939620831807677 30
    endloop
  endfacet
  facet normal 0 0 1
    outer loop
      vertex 7.774999999999998 -13.466695028848019 30
      vertex 9.40369529373621 -8.83065766648008 30
      vertex 8.83065766648008 -9.40369529373621 30
    endloop
  endfacet
  facet normal 0 0 1
    outer loop
      vertex 7.774999999999998 -13.466695028848019 30
      vertex 9.939620831807677 -8.2227694677581 30
      vertex 9.40369529373621 -8.83065766648008 30
    endloop
  endfacet
  facet normal 0 0 1
    outer loop
      vertex 7.774999999999998 -13.466695028848019 30
      vertex 10.43631922743682 -7.582429754572902 30
      vertex 9.939620831807677 -8.2227694677581 30
    endloop
  endfacet
  facet normal 0 0 1
    outer loop
      vertex 7.774999999999998 -13.466695028848019 30
      vertex 10.891830238975997 -6.9121656552290505 30
      vertex 10.43631922743682 -7.582429754572902 30
    endloop
  endfacet
  facet normal 0 0 1
    outer loop
      vertex 7.774999999999998 -13.466695028848019 30
      vertex 11.304356172565837 -6.214622395912127 30
      vertex 10.891830238975997 -6.9121656552290505 30
    endloop
  endfacet
  facet normal 0 0 1
    outer loop
      vertex 7.774999999999998 -13.466695028848019 30
      vertex 11.672268976811651 -5.492552861189433 30
      vertex 11.304356172565837 -6.214622395912127 30
    endloop
  endfacet
  facet normal 0 0 1
    outer loop
      vertex 7.774999999999998 -13.466695028848019 30
      vertex 15.549999999999999 0 30
      vertex 11.672268976811651 -5.492552861189433 30
    endloop
  endfacet
  facet normal 0 0 1
    outer loop
      vertex 11.672268976811651 -5.492552861189433 30
      vertex 15.549999999999999 0 30
      vertex 11.994116667958439 -4.74880672963235 30
    endloop
  endfacet
  facet normal 0 0 1
    outer loop
      vertex 11.994116667958439 -4.74880672963235 30
      vertex 15.549999999999999 0 30
      vertex 12.268629060207479 -3.986319227436821 30
    endloop
  endfacet
  facet normal 0 0 1
    outer loop
      vertex 12.268629060207479 -3.986319227436821 30
      vertex 15.549999999999999 0 30
      vertex 12.49472277855934 -3.208099544426622 30
    endloop
  endfacet
  facet normal 0 0 1
    outer loop
      vertex 12.49472277855934 -3.208099544426622 30
      vertex 15.549999999999999 0 30
      vertex 12.671505534400081 -2.41721895815585 30
    endloop
  endfacet
  facet normal 0 0 1
    outer loop
      vertex 12.671505534400081 -2.41721895815585 30
      vertex 15.549999999999999 0 30
      vertex 12.798279646956763 -1.6167987129795223 30
    endloop
  endfacet
  facet normal 0 0 1
    outer loop
      vertex 12.798279646956763 -1.6167987129795223 30
      vertex 15.549999999999999 0 30
      vertex 12.874544796724702 -0.8099977019281475 30
    endloop
  endfacet
  facet normal 0 0 1
    outer loop
      vertex 12.874544796724702 -0.8099977019281475 30
      vertex 15.549999999999999 0 30
      vertex 12.899999999999999 0 30
    endloop
  endfacet
  facet normal -0.8660254037844385 0.5000000000000001 1.6999049306671424e-17
    outer loop
      vertex 7.774999999999999 -13.466695028848017 38
      vertex 7.774999999999998 -13.466695028848019 45
      vertex 15.549999999999999 0 30
    endloop
  endfacet
  facet normal -0.8660254037844386 0.5000000000000001 0
    outer loop
      vertex 15.549999999999999 0 30
      vertex 7.774999999999998 -13.466695028848019 45
      vertex 15.549999999999999 0 45
    endloop
  endfacet
  facet normal 0 0 1
    outer loop
      vertex 9.939620831807678 8.222769467758097 30
      vertex 10.43631922743682 7.582429754572902 30
      vertex 7.7749999999999995 13.466695028848019 30
    endloop
  endfacet
  facet normal 0 0 1
    outer loop
      vertex 10.43631922743682 7.582429754572902 30
      vertex 10.891830238975993 6.912165655229056 30
      vertex 7.7749999999999995 13.466695028848019 30
    endloop
  endfacet
  facet normal 0 0 1
    outer loop
      vertex -0.8099977019281411 12.874544796724702 30
      vertex 0 12.899999999999999 30
      vertex 7.7749999999999995 13.466695028848019 30
    endloop
  endfacet
  facet normal 0 0 1
    outer loop
      vertex 0 12.899999999999999 30
      vertex 0.8099977019281411 12.874544796724702 30
      vertex 7.7749999999999995 13.466695028848019 30
    endloop
  endfacet
  facet normal 0 0 1
    outer loop
      vertex 0.8099977019281411 12.874544796724702 30
      vertex 1.6167987129795252 12.798279646956763 30
      vertex 7.7749999999999995 13.466695028848019 30
    endloop
  endfacet
  facet normal 0 0 1
    outer loop
      vertex 1.6167987129795252 12.798279646956763 30
      vertex 2.4172189581558468 12.671505534400083 30
      vertex 7.7749999999999995 13.466695028848019 30
    endloop
  endfacet
  facet normal 0 0 1
    outer loop
      vertex 2.4172189581558468 12.671505534400083 30
      vertex 3.208099544426627 12.494722778559339 30
      vertex 7.7749999999999995 13.466695028848019 30
    endloop
  endfacet
  facet normal 0 0 1
    outer loop
      vertex 5.492552861189438 11.67226897681165 30
      vertex 6.214622395912126 11.30435617256584 30
      vertex 7.7749999999999995 13.466695028848019 30
    endloop
  endfacet
  facet normal 0 0 1
    outer loop
      vertex 6.214622395912126 11.30435617256584 30
      vertex 6.447170816825507 11.166827419817116 30
      vertex 7.7749999999999995 13.466695028848019 30
    endloop
  endfacet
  facet normal 0 0 1
    outer loop
      vertex 3.208099544426627 12.494722778559339 30
      vertex 3.986319227436821 12.268629060207479 30
      vertex 7.7749999999999995 13.466695028848019 30
    endloop
  endfacet
  facet normal 0 0 1
    outer loop
      vertex 3.986319227436821 12.268629060207479 30
      vertex 4.748806729632344 11.994116667958442 30
      vertex 7.7749999999999995 13.466695028848019 30
    endloop
  endfacet
  facet normal 0 0 1
    outer loop
      vertex 5.492552861189438 11.67226897681165 30
      vertex 7.7749999999999995 13.466695028848019 30
      vertex 4.748806729632344 11.994116667958442 30
    endloop
  endfacet
  facet normal 0 0 1
    outer loop
      vertex 8.222769467758097 9.939620831807678 30
      vertex 8.830657666480084 9.403695293736208 30
      vertex 7.7749999999999995 13.466695028848019 30
    endloop
  endfacet
  facet normal 0 0 1
    outer loop
      vertex 8.222769467758097 9.939620831807678 30
      vertex 7.7749999999999995 13.466695028848019 30
      vertex 7.7749999999999995 10.286946433621226 30
    endloop
  endfacet
  facet normal 0 0 1
    outer loop
      vertex 9.403695293736208 8.830657666480084 30
      vertex 9.939620831807678 8.222769467758097 30
      vertex 7.7749999999999995 13.466695028848019 30
    endloop
  endfacet
  facet normal 0 0 1
    outer loop
      vertex 9.403695293736208 8.830657666480084 30
      vertex 7.7749999999999995 13.466695028848019 30
      vertex 8.830657666480084 9.403695293736208 30
    endloop
  endfacet
  facet normal 0 0 1
    outer loop
      vertex 12.494722778559339 3.2080995444266267 30
      vertex 15.549999999999999 0 30
      vertex 12.268629060207479 3.986319227436821 30
    endloop
  endfacet
  facet normal 0 0 1
    outer loop
      vertex 12.899999999999999 0 30
      vertex 15.549999999999999 0 30
      vertex 12.874544796724702 0.8099977019281425 30
    endloop
  endfacet
  facet normal 0 0 1
    outer loop
      vertex 12.874544796724702 0.8099977019281425 30
      vertex 15.549999999999999 0 30
      vertex 12.798279646956763 1.6167987129795247 30
    endloop
  endfacet
  facet normal 0 0 1
    outer loop
      vertex 12.798279646956763 1.6167987129795247 30
      vertex 15.549999999999999 0 30
      vertex 12.671505534400083 2.4172189581558476 30
    endloop
  endfacet
  facet normal 0 0 1
    outer loop
      vertex 12.494722778559339 3.2080995444266267 30
      vertex 12.671505534400083 2.4172189581558476 30
      vertex 15.549999999999999 0 30
    endloop
  endfacet
  facet normal 0 0 1
    outer loop
      vertex 15.549999999999999 0 30
      vertex 11.99411666795844 4.748806729632346 30
      vertex 12.268629060207479 3.986319227436821 30
    endloop
  endfacet
  facet normal 0 0 1
    outer loop
      vertex 15.549999999999999 0 30
      vertex 11.672268976811651 5.492552861189437 30
      vertex 11.99411666795844 4.748806729632346 30
    endloop
  endfacet
  facet normal 0 0 1
    outer loop
      vertex 15.549999999999999 0 30
      vertex 7.7749999999999995 13.466695028848019 30
      vertex 11.672268976811651 5.492552861189437 30
    endloop
  endfacet
  facet normal 0 0 1
    outer loop
      vertex 11.30435617256584 6.214622395912127 30
      vertex 11.672268976811651 5.492552861189437 30
      vertex 7.7749999999999995 13.466695028848019 30
    endloop
  endfacet
  facet normal 0 0 1
    outer loop
      vertex 11.30435617256584 6.214622395912127 30
      vertex 7.7749999999999995 13.466695028848019 30
      vertex 10.891830238975993 6.912165655229056 30
    endloop
  endfacet
  facet normal -0.8660254037844386 -0.5 0
    outer loop
      vertex 15.549999999999999 0 30
      vertex 15.549999999999999 0 45
      vertex 7.7749999999999995 13.466695028848019 30
    endloop
  endfacet
  facet normal -0.8660254037844386 -0.5 0
    outer loop
      vertex 7.7749999999999995 13.466695028848019 30
      vertex 15.549999999999999 0 45
      vertex 7.7749999999999995 13.466695028848019 45
    endloop
  endfacet
  facet normal -1.1423516652091645e-16 1 0
    outer loop
      vertex -7.7749999999999995 -13.466695028848019 30
      vertex -7.7749999999999995 -13.466695028848019 45
      vertex 7.774999999999999 -13.466695028848017 38
    endloop
  endfacet
  facet normal 0 1 -2.220446049250313e-16
    outer loop
      vertex -7.7749999999999995 -13.466695028848019 30
      vertex 7.774999999999999 -13.466695028848017 38
      vertex 7.774999999999998 -13.466695028848019 30
    endloop
  endfacet
  facet normal 0 1 2.5376526277146434e-16
    outer loop
      vertex 7.774999999999999 -13.466695028848017 38
      vertex -7.7749999999999995 -13.466695028848019 45
      vertex 7.774999999999998 -13.466695028848019 45
    endloop
  endfacet
  facet normal 0 0 1
    outer loop
      vertex -10.891830238975992 -6.912165655229056 30
      vertex -11.304356172565837 -6.214622395912127 30
      vertex -7.7749999999999995 -13.466695028848019 30
    endloop
  endfacet
  facet normal 0 0 1
    outer loop
      vertex -11.672268976811651 -5.492552861189433 30
      vertex -7.7749999999999995 -13.466695028848019 30
      vertex -11.304356172565837 -6.214622395912127 30
    endloop
  endfacet
  facet normal 0 0 1
    outer loop
      vertex -11.672268976811651 -5.492552861189433 30
      vertex -15.549999999999999 0 30
      vertex -7.7749999999999995 -13.466695028848019 30
    endloop
  endfacet
  facet normal 0 0 1
    outer loop
      vertex -11.672268976811651 -5.492552861189433 30
      vertex -11.994116667958442 -4.748806729632344 30
      vertex -15.549999999999999 0 30
    endloop
  endfacet
  facet normal 0 0 1
    outer loop
      vertex -11.994116667958442 -4.748806729632344 30
      vertex -12.268629060207479 -3.986319227436821 30
      vertex -15.549999999999999 0 30
    endloop
  endfacet
  facet normal 0 0 1
    outer loop
      vertex -12.671505534400081 -2.41721895815585 30
      vertex -15.549999999999999 0 30
      vertex -12.494722778559339 -3.208099544426627 30
    endloop
  endfacet
  facet normal 0 0 1
    outer loop
      vertex -12.671505534400081 -2.41721895815585 30
      vertex -12.798279646956763 -1.6167987129795223 30
      vertex -15.549999999999999 0 30
    endloop
  endfacet
  facet normal 0 0 1
    outer loop
      vertex -12.798279646956763 -1.6167987129795223 30
      vertex -12.874544796724702 -0.8099977019281411 30
      vertex -15.549999999999999 0 30
    endloop
  endfacet
  facet normal 0 0 1
    outer loop
      vertex -12.874544796724702 -0.8099977019281411 30
      vertex -12.899999999999999 0 30
      vertex -15.549999999999999 0 30
    endloop
  endfacet
  facet normal 0 0 1
    outer loop
      vertex -12.268629060207479 -3.986319227436821 30
      vertex -12.494722778559339 -3.208099544426627 30
      vertex -15.549999999999999 0 30
    endloop
  endfacet
  facet normal 0 0 1
    outer loop
      vertex -8.83065766648008 -9.40369529373621 30
      vertex -9.40369529373621 -8.83065766648008 30
      vertex -7.7749999999999995 -13.466695028848019 30
    endloop
  endfacet
  facet normal 0 0 1
    outer loop
      vertex -9.939620831807682 -8.222769467758095 30
      vertex -7.7749999999999995 -13.466695028848019 30
      vertex -9.40369529373621 -8.83065766648008 30
    endloop
  endfacet
  facet normal 0 0 1
    outer loop
      vertex -8.222769467758095 -9.939620831807682 30
      vertex -7.7749999999999995 -13.466695028848019 30
      vertex -7.7749999999999995 -10.286946433621226 30
    endloop
  endfacet
  facet normal 0 0 1
    outer loop
      vertex -8.83065766648008 -9.40369529373621 30
      vertex -7.7749999999999995 -13.466695028848019 30
      vertex -8.222769467758095 -9.939620831807682 30
    endloop
  endfacet
  facet normal 0 0 1
    outer loop
      vertex -10.891830238975992 -6.912165655229056 30
      vertex -7.7749999999999995 -13.466695028848019 30
      vertex -10.43631922743682 -7.582429754572902 30
    endloop
  endfacet
  facet normal 0 0 1
    outer loop
      vertex -10.43631922743682 -7.582429754572902 30
      vertex -7.7749999999999995 -13.466695028848019 30
      vertex -9.939620831807682 -8.222769467758095 30
    endloop
  endfacet
  facet normal 0 0 1
    outer loop
      vertex -15.549999999999999 0 30
      vertex -12.899999999999999 0 30
      vertex -12.874544796724702 0.8099977019281411 30
    endloop
  endfacet
  facet normal 0 0 1
    outer loop
      vertex -15.549999999999999 0 30
      vertex -12.874544796724702 0.8099977019281411 30
      vertex -12.798279646956763 1.6167987129795223 30
    endloop
  endfacet
  facet normal 0 0 1
    outer loop
      vertex -15.549999999999999 0 30
      vertex -12.798279646956763 1.6167987129795223 30
      vertex -12.671505534400081 2.41721895815585 30
    endloop
  endfacet
  facet normal 0 0 1
    outer loop
      vertex -15.549999999999999 0 30
      vertex -12.671505534400081 2.41721895815585 30
      vertex -12.494722778559339 3.208099544426627 30
    endloop
  endfacet
  facet normal 0 0 1
    outer loop
      vertex -15.549999999999999 0 30
      vertex -12.494722778559339 3.208099544426627 30
      vertex -12.268629060207479 3.986319227436821 30
    endloop
  endfacet
  facet normal 0 0 1
    outer loop
      vertex -15.549999999999999 0 30
      vertex -12.268629060207479 3.986319227436821 30
      vertex -11.994116667958442 4.748806729632344 30
    endloop
  endfacet
  facet normal 0 0 1
    outer loop
      vertex -15.549999999999999 0 30
      vertex -11.994116667958442 4.748806729632344 30
      vertex -11.672268976811651 5.492552861189433 30
    endloop
  endfacet
  facet normal 0 0 1
    outer loop
      vertex -15.549999999999999 0 30
      vertex -11.672268976811651 5.492552861189433 30
      vertex -11.304356172565837 6.214622395912127 30
    endloop
  endfacet
  facet normal 0 0 1
    outer loop
      vertex -15.549999999999999 0 30
      vertex -11.304356172565837 6.214622395912127 30
      vertex -10.891830238975992 6.912165655229056 30
    endloop
  endfacet
  facet normal 0 0 1
    outer loop
      vertex -15.549999999999999 0 30
      vertex -10.891830238975992 6.912165655229056 30
      vertex -7.7749999999999995 13.466695028848015 30
    endloop
  endfacet
  facet normal 0.8660254037844386 -0.5000000000000001 0
    outer loop
      vertex -15.549999999999999 0 30
      vertex -7.7749999999999995 13.466695028848015 45
      vertex -15.549999999999999 0 45
    endloop
  endfacet
  facet normal 0.8660254037844386 -0.5000000000000001 -1.4774479669208715e-17
    outer loop
      vertex -15.549999999999999 0 30
      vertex -7.7749999999999995 13.466695028848015 30
      vertex -7.7749999999999995 13.466695028848015 45
    endloop
  endfacet
  facet normal 0 0 1
    outer loop
      vertex -10.891830238975992 6.912165655229056 30
      vertex -10.43631922743682 7.582429754572902 30
      vertex -7.7749999999999995 13.466695028848015 30
    endloop
  endfacet
  facet normal 0 0 1
    outer loop
      vertex -10.43631922743682 7.582429754572902 30
      vertex -9.939620831807682 8.222769467758095 30
      vertex -7.7749999999999995 13.466695028848015 30
    endloop
  endfacet
  facet normal 0 0 1
    outer loop
      vertex -9.939620831807682 8.222769467758095 30
      vertex -9.40369529373621 8.83065766648008 30
      vertex -7.7749999999999995 13.466695028848015 30
    endloop
  endfacet
  facet normal 0 0 1
    outer loop
      vertex -9.40369529373621 8.83065766648008 30
      vertex -8.83065766648008 9.40369529373621 30
      vertex -7.7749999999999995 13.466695028848015 30
    endloop
  endfacet
  facet normal 0 0 1
    outer loop
      vertex -8.83065766648008 9.40369529373621 30
      vertex -8.222769467758095 9.939620831807682 30
      vertex -7.7749999999999995 13.466695028848015 30
    endloop
  endfacet
  facet normal 0 0 1
    outer loop
      vertex -8.222769467758095 9.939620831807682 30
      vertex -7.7749999999999995 10.286946433621226 30
      vertex -7.7749999999999995 13.466695028848015 30
    endloop
  endfacet
  facet normal 2.284703330418329e-16 -1 0
    outer loop
      vertex -7.7749999999999995 13.466695028848015 30
      vertex 7.7749999999999995 13.466695028848019 45
      vertex -7.7749999999999995 13.466695028848015 45
    endloop
  endfacet
  facet normal -0.8660254037844386 0.5000000000000001 -1.487416814333749e-17
    outer loop
      vertex 7.774999999999998 -13.466695028848019 30
      vertex 7.774999999999999 -13.466695028848017 38
      vertex 15.549999999999999 0 30
    endloop
  endfacet
  facet normal 2.284703330418329e-16 -1 0
    outer loop
      vertex -7.7749999999999995 13.466695028848015 30
      vertex 7.7749999999999995 13.466695028848019 30
      vertex 7.7749999999999995 13.466695028848019 45
    endloop
  endfacet
  facet normal 0 0 1
    outer loop
      vertex -7.7749999999999995 -13.466695028848019 30
      vertex -5.02065917278644 -11.876475610816293 30
      vertex -5.492552861189433 -11.672268976811651 30
    endloop
  endfacet
  facet normal 0 0 1
    outer loop
      vertex -7.7749999999999995 -13.466695028848019 30
      vertex -6.214622395912127 -11.304356172565837 30
      vertex -6.447170816825506 -11.166827419817114 30
    endloop
  endfacet
  facet normal 0 0 1
    outer loop
      vertex -7.7749999999999995 -13.466695028848019 30
      vertex -5.492552861189433 -11.672268976811651 30
      vertex -6.214622395912127 -11.304356172565837 30
    endloop
  endfacet
  facet normal 0 0 1
    outer loop
      vertex 6.447170816825507 11.166827419817116 30
      vertex 6.912165655229056 10.891830238975993 30
      vertex 7.7749999999999995 13.466695028848019 30
    endloop
  endfacet
  facet normal 0 0 1
    outer loop
      vertex 6.912165655229056 10.891830238975993 30
      vertex 7.582429754572902 10.43631922743682 30
      vertex 7.7749999999999995 13.466695028848019 30
    endloop
  endfacet
  facet normal 0 0 1
    outer loop
      vertex 7.582429754572902 10.43631922743682 30
      vertex 7.7749999999999995 10.286946433621226 30
      vertex 7.7749999999999995 13.466695028848019 30
    endloop
  endfacet
  facet normal -0.750111069630459 -0.6613118653236525 0
    outer loop
      vertex -15.06353389626668 -12.46163899958688 0
      vertex -14.251336666088596 -13.382895920905858 0
      vertex -15.06353389626668 -12.46163899958688 45
    endloop
  endfacet
  facet normal -0.827080574274563 -0.5620833778521287 0
    outer loop
      vertex -16.50661094356439 -10.475413841839384 0
      vertex -15.81628224003022 -11.491201682317849 0
      vertex -16.50661094356439 -10.475413841839384 45
    endloop
  endfacet
  facet normal -0.7901550123756901 -0.6129070536529767 -8.570553882466062e-19
    outer loop
      vertex -15.06353389626668 -12.46163899958688 0
      vertex -15.81628224003022 -11.491201682317849 45
      vertex -15.81628224003022 -11.491201682317849 0
    endloop
  endfacet
  facet normal -0.6613118653236525 -0.750111069630459 0
    outer loop
      vertex -12.46163899958688 -15.06353389626668 0
      vertex -12.46163899958688 -15.06353389626668 45
      vertex -13.382895920905858 -14.251336666088596 0
    endloop
  endfacet
  facet normal -0.6129070536529767 -0.7901550123756901 -8.570553882466062e-19
    outer loop
      vertex -12.46163899958688 -15.06353389626668 0
      vertex -11.491201682317849 -15.81628224003022 0
      vertex -11.491201682317849 -15.81628224003022 45
    endloop
  endfacet
  facet normal -0.5620833778521287 -0.827080574274563 -9.38915334725893e-19
    outer loop
      vertex -11.491201682317849 -15.81628224003022 0
      vertex -10.475413841839384 -16.50661094356439 0
      vertex -10.475413841839384 -16.50661094356439 45
    endloop
  endfacet
  facet normal -0.7071067811865476 -0.7071067811865476 0
    outer loop
      vertex -14.251336666088596 -13.382895920905858 0
      vertex -13.382895920905858 -14.251336666088596 0
      vertex -14.251336666088596 -13.382895920905858 45
    endloop
  endfacet
  facet normal 0 0 -1
    outer loop
      vertex -17.13179559485753 -9.418284328688534 0
      vertex -17.68936887571068 -8.323985150097165 0
      vertex -17.13179559485753 9.418284328688534 0
    endloop
  endfacet
  facet normal 0 0 -1
    outer loop
      vertex -18.593154893570247 -6.04128224003022 0
      vertex -18.935800800064733 -4.861887294072911 0
      vertex -18.593154893570247 6.04128224003022 0
    endloop
  endfacet
  facet normal 0 0 -1
    outer loop
      vertex -19.20371575174586 -3.6633047001509196 0
      vertex -19.39584241069804 -2.450264716182144 0
      vertex -19.20371575174586 3.6633047001509196 0
    endloop
  endfacet
  facet normal 0 0 -1
    outer loop
      vertex -18.935800800064733 -4.861887294072911 0
      vertex -19.20371575174586 -3.6633047001509196 0
      vertex -18.935800800064733 4.861887294072911 0
    endloop
  endfacet
  facet normal 0 0 -1
    outer loop
      vertex -19.39584241069804 -2.450264716182144 0
      vertex -19.511422540772706 -1.2275546567980744 0
      vertex -19.39584241069804 2.450264716182144 0
    endloop
  endfacet
  facet normal 0 0 -1
    outer loop
      vertex -18.593154893570247 -6.04128224003022 0
      vertex -18.177130299115312 7.196835004985451 0
      vertex -18.177130299115312 -7.196835004985451 0
    endloop
  endfacet
  facet normal 0 0 -1
    outer loop
      vertex -17.68936887571068 -8.323985150097165 0
      vertex -18.177130299115312 -7.196835004985451 0
      vertex -17.68936887571068 8.323985150097165 0
    endloop
  endfacet
  facet normal 0 0 -1
    outer loop
      vertex -16.50661094356439 -10.475413841839384 0
      vertex -17.13179559485753 -9.418284328688534 0
      vertex -16.50661094356439 10.475413841839384 0
    endloop
  endfacet
  facet normal 0 0 -1
    outer loop
      vertex -16.50661094356439 -10.475413841839384 0
      vertex -15.81628224003022 11.491201682317849 0
      vertex -15.81628224003022 -11.491201682317849 0
    endloop
  endfacet
  facet normal 0 0 -1
    outer loop
      vertex -15.06353389626668 -12.46163899958688 0
      vertex -15.81628224003022 -11.491201682317849 0
      vertex -15.06353389626668 12.46163899958688 0
    endloop
  endfacet
  facet normal 0 0 -1
    outer loop
      vertex -12.46163899958688 -15.06353389626668 0
      vertex -11.491201682317849 15.81628224003022 0
      vertex -11.491201682317849 -15.81628224003022 0
    endloop
  endfacet
  facet normal 0 0 -1
    outer loop
      vertex -11.491201682317849 -15.81628224003022 0
      vertex -10.475413841839384 16.50661094356439 0
      vertex -10.475413841839384 -16.50661094356439 0
    endloop
  endfacet
  facet normal 0 0 -1
    outer loop
      vertex -15.06353389626668 -12.46163899958688 0
      vertex -14.251336666088596 13.382895920905858 0
      vertex -14.251336666088596 -13.382895920905858 0
    endloop
  endfacet
  facet normal 0 0 -1
    outer loop
      vertex -14.251336666088596 -13.382895920905858 0
      vertex -13.382895920905858 14.251336666088596 0
      vertex -13.382895920905858 -14.251336666088596 0
    endloop
  endfacet
  facet normal 0 0 -1
    outer loop
      vertex -12.46163899958688 -15.06353389626668 0
      vertex -13.382895920905858 -14.251336666088596 0
      vertex -12.46163899958688 15.06353389626668 0
    endloop
  endfacet
  facet normal -0.8910065241883677 -0.45399049973954714 6.283139137990799e-19
    outer loop
      vertex -17.13179559485753 -9.418284328688534 0
      vertex -17.68936887571068 -8.323985150097165 45
      vertex -17.68936887571068 -8.323985150097165 0
    endloop
  endfacet
  facet normal -0.9177546256839814 -0.3971478906347799 3.396853455332071e-19
    outer loop
      vertex -17.68936887571068 -8.323985150097165 0
      vertex -18.177130299115312 -7.196835004985451 45
      vertex -18.177130299115312 -7.196835004985451 0
    endloop
  endfacet
  facet normal -0.9408807689542259 -0.3387379202452901 0
    outer loop
      vertex -18.593154893570247 -6.04128224003022 0
      vertex -18.177130299115312 -7.196835004985451 0
      vertex -18.593154893570247 -6.04128224003022 45
    endloop
  endfacet
  facet normal -0.9602936856769431 -0.27899110603922944 3.782799167538492e-20
    outer loop
      vertex -18.593154893570247 -6.04128224003022 0
      vertex -18.935800800064733 -4.861887294072911 45
      vertex -18.935800800064733 -4.861887294072911 0
    endloop
  endfacet
  facet normal -0.8607420270039431 -0.5090414157503722 3.2681900377555207e-19
    outer loop
      vertex -16.50661094356439 -10.475413841839384 0
      vertex -17.13179559485753 -9.418284328688534 45
      vertex -17.13179559485753 -9.418284328688534 0
    endloop
  endfacet
  facet normal -0.9759167619387469 -0.21814324139654503 4.2121967582811654e-19
    outer loop
      vertex -18.935800800064733 -4.861887294072911 0
      vertex -19.20371575174586 -3.6633047001509196 45
      vertex -19.20371575174586 -3.6633047001509196 0
    endloop
  endfacet
  facet normal -0.9876883405951375 -0.15643446504023162 9.335338204517512e-22
    outer loop
      vertex -19.20371575174586 -3.6633047001509196 0
      vertex -19.39584241069804 -2.450264716182144 45
      vertex -19.39584241069804 -2.450264716182144 0
    endloop
  endfacet
  facet normal -0.9955619646030801 -0.09410831331851272 -1.508412989102112e-19
    outer loop
      vertex -19.39584241069804 -2.450264716182144 0
      vertex -19.511422540772706 -1.2275546567980744 45
      vertex -19.511422540772706 -1.2275546567980744 0
    endloop
  endfacet
  facet normal -0.9995065603657315 -0.03141075907812833 3.497924346864215e-20
    outer loop
      vertex -19.511422540772706 -1.2275546567980744 0
      vertex -19.549999999999997 0 45
      vertex -19.549999999999997 0 0
    endloop
  endfacet
  facet normal 0 0 -1
    outer loop
      vertex -3.6633047001509196 -19.20371575174586 0
      vertex -2.3326996077485176 -2.1905507389718033 0
      vertex -2.450264716182144 -19.39584241069804 0
    endloop
  endfacet
  facet normal 0 0 -1
    outer loop
      vertex -2.450264716182144 -19.39584241069804 0
      vertex -1.1779985685909693 -2.975284754842405 0
      vertex -1.227554656798084 -19.511422540772706 0
    endloop
  endfacet
  facet normal 0 0 -1
    outer loop
      vertex -1.227554656798084 -19.511422540772706 0
      vertex 0 -3.2 0
      vertex 0 -19.549999999999997 0
    endloop
  endfacet
  facet normal -0.45399049973954714 -0.8910065241883677 6.283139137990799e-19
    outer loop
      vertex -9.418284328688534 -17.13179559485753 0
      vertex -8.323985150097165 -17.68936887571068 0
      vertex -8.323985150097165 -17.68936887571068 45
    endloop
  endfacet
  facet normal -0.3971478906347799 -0.9177546256839814 3.396853455332071e-19
    outer loop
      vertex -8.323985150097165 -17.68936887571068 0
      vertex -7.196835004985451 -18.177130299115312 0
      vertex -7.196835004985451 -18.177130299115312 45
    endloop
  endfacet
  facet normal -0.5090414157503722 -0.8607420270039431 3.2681900377555207e-19
    outer loop
      vertex -10.475413841839384 -16.50661094356439 0
      vertex -9.418284328688534 -17.13179559485753 0
      vertex -9.418284328688534 -17.13179559485753 45
    endloop
  endfacet
  facet normal -0.3387379202452901 -0.9408807689542259 4.602638891390306e-19
    outer loop
      vertex -7.196835004985451 -18.177130299115312 0
      vertex -6.04128224003022 -18.593154893570247 0
      vertex -6.04128224003022 -18.593154893570247 45
    endloop
  endfacet
  facet normal -0.27899110603922944 -0.9602936856769431 3.782799167538492e-20
    outer loop
      vertex -6.04128224003022 -18.593154893570247 0
      vertex -4.861887294072911 -18.935800800064733 0
      vertex -4.861887294072911 -18.935800800064733 45
    endloop
  endfacet
  facet normal -0.21814324139654503 -0.9759167619387469 4.2121967582811654e-19
    outer loop
      vertex -4.861887294072911 -18.935800800064733 0
      vertex -3.6633047001509196 -19.20371575174586 0
      vertex -3.6633047001509196 -19.20371575174586 45
    endloop
  endfacet
  facet normal -0.15643446504023162 -0.9876883405951375 9.335338204517512e-22
    outer loop
      vertex -3.6633047001509196 -19.20371575174586 0
      vertex -2.450264716182144 -19.39584241069804 0
      vertex -2.450264716182144 -19.39584241069804 45
    endloop
  endfacet
  facet normal -0.09410831331851345 -0.9955619646030801 2.3061723457740107e-19
    outer loop
      vertex -2.450264716182144 -19.39584241069804 0
      vertex -1.227554656798084 -19.511422540772706 0
      vertex -1.227554656798084 -19.511422540772706 45
    endloop
  endfacet
  facet normal -0.031410759078128084 -0.9995065603657315 2.461069611181464e-20
    outer loop
      vertex -1.227554656798084 -19.511422540772706 0
      vertex 0 -19.549999999999997 0
      vertex 0 -19.549999999999997 45
    endloop
  endfacet
  facet normal 0 0 -1
    outer loop
      vertex -10.475413841839384 -16.50661094356439 0
      vertex -9.41828432868853 17.13179559485753 0
      vertex -9.418284328688534 -17.13179559485753 0
    endloop
  endfacet
  facet normal 0 0 -1
    outer loop
      vertex -9.418284328688534 -17.13179559485753 0
      vertex -8.32398515009717 17.689368875710677 0
      vertex -8.323985150097165 -17.68936887571068 0
    endloop
  endfacet
  facet normal 0 0 -1
    outer loop
      vertex -8.323985150097165 -17.68936887571068 0
      vertex -7.196835004985451 18.177130299115312 0
      vertex -7.196835004985451 -18.177130299115312 0
    endloop
  endfacet
  facet normal 0 0 -1
    outer loop
      vertex -7.196835004985451 -18.177130299115312 0
      vertex -6.04128224003022 18.593154893570247 0
      vertex -6.04128224003022 -18.593154893570247 0
    endloop
  endfacet
  facet normal 0 0 -1
    outer loop
      vertex -6.04128224003022 -18.593154893570247 0
      vertex -4.861887294072911 18.935800800064733 0
      vertex -4.861887294072911 -18.935800800064733 0
    endloop
  endfacet
  facet normal 0 0 -1
    outer loop
      vertex -3.6633047001509196 -19.20371575174586 0
      vertex -2.804181376140363 -1.5416117571254893 0
      vertex -2.701849361606448 -1.7146457439327893 0
    endloop
  endfacet
  facet normal 0 0 -1
    outer loop
      vertex -3.6633047001509196 -19.20371575174586 0
      vertex -2.8954465678912626 -1.3624937330082318 0
      vertex -2.804181376140363 -1.5416117571254893 0
    endloop
  endfacet
  facet normal 0 0 -1
    outer loop
      vertex -3.6633047001509196 -19.20371575174586 0
      vertex -2.588854381999832 -1.880912807335914 0
      vertex -2.465642376882526 -2.039756767195807 0
    endloop
  endfacet
  facet normal 0 0 -1
    outer loop
      vertex -3.6633047001509196 -19.20371575174586 0
      vertex -2.465642376882526 -2.039756767195807 0
      vertex -2.3326996077485176 -2.1905507389718033 0
    endloop
  endfacet
  facet normal 0 0 -1
    outer loop
      vertex -3.6633047001509196 -19.20371575174586 0
      vertex -2.701849361606448 -1.7146457439327893 0
      vertex -2.588854381999832 -1.880912807335914 0
    endloop
  endfacet
  facet normal 0 0 -1
    outer loop
      vertex -4.861887294072911 -18.935800800064733 0
      vertex -3.6633047001509147 19.20371575174586 0
      vertex -3.6633047001509196 -19.20371575174586 0
    endloop
  endfacet
  facet normal 0 0 -1
    outer loop
      vertex -3.6633047001509196 -19.20371575174586 0
      vertex -3.0433808521444914 -0.9888543819998317 0
      vertex -2.975284754842405 -1.1779985685909693 0
    endloop
  endfacet
  facet normal 0 0 -1
    outer loop
      vertex -3.6633047001509196 -19.20371575174586 0
      vertex -2.975284754842405 -1.1779985685909693 0
      vertex -2.8954465678912626 -1.3624937330082318 0
    endloop
  endfacet
  facet normal 0 0 -1
    outer loop
      vertex -3.6633047001509196 -19.20371575174586 0
      vertex -3.0994661156116194 -0.7958076389275356 0
      vertex -3.0433808521444914 -0.9888543819998317 0
    endloop
  endfacet
  facet normal 0 0 -1
    outer loop
      vertex -3.6633047001509196 -19.20371575174586 0
      vertex -3.1433192023318037 -0.5996202066743195 0
      vertex -3.0994661156116194 -0.7958076389275356 0
    endloop
  endfacet
  facet normal 0 0 -1
    outer loop
      vertex -3.6633047001509196 -19.20371575174586 0
      vertex -3.1747670442063294 -0.401066347405773 0
      vertex -3.1433192023318037 -0.5996202066743195 0
    endloop
  endfacet
  facet normal 0 0 -1
    outer loop
      vertex -3.6633047001509196 -19.20371575174586 0
      vertex -3.1936855309704693 -0.2009296624938025 0
      vertex -3.1747670442063294 -0.401066347405773 0
    endloop
  endfacet
  facet normal 0 0 -1
    outer loop
      vertex -3.6633047001509196 -19.20371575174586 0
      vertex -3.2 0 0
      vertex -3.1936855309704693 -0.2009296624938025 0
    endloop
  endfacet
  facet normal 0 0 -1
    outer loop
      vertex -2.450264716182144 -19.39584241069804 0
      vertex -2.3326996077485176 -2.1905507389718033 0
      vertex -2.1905507389718033 -2.3326996077485176 0
    endloop
  endfacet
  facet normal 0 0 -1
    outer loop
      vertex -2.450264716182144 -19.39584241069804 0
      vertex -2.1905507389718033 -2.3326996077485176 0
      vertex -2.039756767195807 -2.465642376882526 0
    endloop
  endfacet
  facet normal 0 0 -1
    outer loop
      vertex -2.450264716182144 -19.39584241069804 0
      vertex -1.7146457439327893 -2.701849361606448 0
      vertex -1.5416117571254893 -2.804181376140363 0
    endloop
  endfacet
  facet normal 0 0 -1
    outer loop
      vertex -2.450264716182144 -19.39584241069804 0
      vertex -2.039756767195807 -2.465642376882526 0
      vertex -1.880912807335914 -2.588854381999832 0
    endloop
  endfacet
  facet normal 0 0 -1
    outer loop
      vertex -2.450264716182144 -19.39584241069804 0
      vertex -1.880912807335914 -2.588854381999832 0
      vertex -1.7146457439327893 -2.701849361606448 0
    endloop
  endfacet
  facet normal 0 0 -1
    outer loop
      vertex -2.450264716182144 -19.39584241069804 0
      vertex -1.5416117571254893 -2.804181376140363 0
      vertex -1.3624937330082318 -2.8954465678912626 0
    endloop
  endfacet
  facet normal 0 0 -1
    outer loop
      vertex -2.450264716182144 -19.39584241069804 0
      vertex -1.3624937330082318 -2.8954465678912626 0
      vertex -1.1779985685909693 -2.975284754842405 0
    endloop
  endfacet
  facet normal 0 0 -1
    outer loop
      vertex -1.227554656798084 -19.511422540772706 0
      vertex -0.7958076389275356 -3.0994661156116194 0
      vertex -0.5996202066743195 -3.1433192023318037 0
    endloop
  endfacet
  facet normal 0 0 -1
    outer loop
      vertex -1.227554656798084 -19.511422540772706 0
      vertex -0.5996202066743195 -3.1433192023318037 0
      vertex -0.401066347405773 -3.1747670442063294 0
    endloop
  endfacet
  facet normal 0 0 -1
    outer loop
      vertex -1.227554656798084 -19.511422540772706 0
      vertex -0.401066347405773 -3.1747670442063294 0
      vertex -0.20092966249380406 -3.1936855309704693 0
    endloop
  endfacet
  facet normal 0 0 -1
    outer loop
      vertex -1.227554656798084 -19.511422540772706 0
      vertex -0.20092966249380406 -3.1936855309704693 0
      vertex 0 -3.2 0
    endloop
  endfacet
  facet normal 0 0 -1
    outer loop
      vertex -1.227554656798084 -19.511422540772706 0
      vertex -1.1779985685909693 -2.975284754842405 0
      vertex -0.9888543819998317 -3.0433808521444914 0
    endloop
  endfacet
  facet normal 0 0 -1
    outer loop
      vertex -1.227554656798084 -19.511422540772706 0
      vertex -0.9888543819998317 -3.0433808521444914 0
      vertex -0.7958076389275356 -3.0994661156116194 0
    endloop
  endfacet
  facet normal -0.827080574274563 -0.5620833778521287 0
    outer loop
      vertex -15.81628224003022 -11.491201682317849 0
      vertex -15.81628224003022 -11.491201682317849 45
      vertex -16.50661094356439 -10.475413841839384 45
    endloop
  endfacet
  facet normal -0.8607420270039431 -0.5090414157503722 0
    outer loop
      vertex -16.50661094356439 -10.475413841839384 0
      vertex -16.50661094356439 -10.475413841839384 45
      vertex -17.13179559485753 -9.418284328688534 45
    endloop
  endfacet
  facet normal -0.7901550123756901 -0.6129070536529767 0
    outer loop
      vertex -15.06353389626668 -12.46163899958688 0
      vertex -15.06353389626668 -12.46163899958688 45
      vertex -15.81628224003022 -11.491201682317849 45
    endloop
  endfacet
  facet normal -0.5620833778521287 -0.827080574274563 0
    outer loop
      vertex -11.491201682317849 -15.81628224003022 0
      vertex -10.475413841839384 -16.50661094356439 45
      vertex -11.491201682317849 -15.81628224003022 45
    endloop
  endfacet
  facet normal -0.6129070536529767 -0.7901550123756901 0
    outer loop
      vertex -12.46163899958688 -15.06353389626668 0
      vertex -11.491201682317849 -15.81628224003022 45
      vertex -12.46163899958688 -15.06353389626668 45
    endloop
  endfacet
  facet normal -0.5090414157503722 -0.8607420270039431 0
    outer loop
      vertex -10.475413841839384 -16.50661094356439 0
      vertex -9.418284328688534 -17.13179559485753 45
      vertex -10.475413841839384 -16.50661094356439 45
    endloop
  endfacet
  facet normal -0.7071067811865476 -0.7071067811865476 0
    outer loop
      vertex -13.382895920905858 -14.251336666088596 0
      vertex -13.382895920905858 -14.251336666088596 45
      vertex -14.251336666088596 -13.382895920905858 45
    endloop
  endfacet
  facet normal -0.750111069630459 -0.6613118653236525 0
    outer loop
      vertex -14.251336666088596 -13.382895920905858 0
      vertex -14.251336666088596 -13.382895920905858 45
      vertex -15.06353389626668 -12.46163899958688 45
    endloop
  endfacet
  facet normal -0.6613118653236525 -0.750111069630459 0
    outer loop
      vertex -13.382895920905858 -14.251336666088596 0
      vertex -12.46163899958688 -15.06353389626668 45
      vertex -13.382895920905858 -14.251336666088596 45
    endloop
  endfacet
  facet normal 0 0 1
    outer loop
      vertex -12.46163899958688 -15.06353389626668 45
      vertex -11.491201682317849 -15.81628224003022 45
      vertex -15.549999999999999 0 45
    endloop
  endfacet
  facet normal 0 0 1
    outer loop
      vertex -11.491201682317849 -15.81628224003022 45
      vertex -10.475413841839384 -16.50661094356439 45
      vertex -15.549999999999999 0 45
    endloop
  endfacet
  facet normal 0 0 1
    outer loop
      vertex -10.475413841839384 -16.50661094356439 45
      vertex -9.418284328688534 -17.13179559485753 45
      vertex -15.549999999999999 0 45
    endloop
  endfacet
  facet normal 0 0 1
    outer loop
      vertex -9.418284328688534 -17.13179559485753 45
      vertex -8.323985150097165 -17.68936887571068 45
      vertex -15.549999999999999 0 45
    endloop
  endfacet
  facet normal 0 0 1
    outer loop
      vertex -8.323985150097165 -17.68936887571068 45
      vertex -7.7749999999999995 -13.466695028848019 45
      vertex -15.549999999999999 0 45
    endloop
  endfacet
  facet normal -0.8910065241883677 -0.45399049973954714 0
    outer loop
      vertex -17.13179559485753 -9.418284328688534 0
      vertex -17.13179559485753 -9.418284328688534 45
      vertex -17.68936887571068 -8.323985150097165 45
    endloop
  endfacet
  facet normal -0.9177546256839814 -0.3971478906347799 0
    outer loop
      vertex -17.68936887571068 -8.323985150097165 0
      vertex -17.68936887571068 -8.323985150097165 45
      vertex -18.177130299115312 -7.196835004985451 45
    endloop
  endfacet
  facet normal -0.9602936856769431 -0.27899110603922944 0
    outer loop
      vertex -18.593154893570247 -6.04128224003022 0
      vertex -18.593154893570247 -6.04128224003022 45
      vertex -18.935800800064733 -4.861887294072911 45
    endloop
  endfacet
  facet normal -0.9408807689542259 -0.3387379202452901 0
    outer loop
      vertex -18.177130299115312 -7.196835004985451 0
      vertex -18.177130299115312 -7.196835004985451 45
      vertex -18.593154893570247 -6.04128224003022 45
    endloop
  endfacet
  facet normal -0.9759167619387469 -0.21814324139654503 0
    outer loop
      vertex -18.935800800064733 -4.861887294072911 0
      vertex -18.935800800064733 -4.861887294072911 45
      vertex -19.20371575174586 -3.6633047001509196 45
    endloop
  endfacet
  facet normal -0.9876883405951375 -0.15643446504023162 0
    outer loop
      vertex -19.20371575174586 -3.6633047001509196 0
      vertex -19.20371575174586 -3.6633047001509196 45
      vertex -19.39584241069804 -2.450264716182144 45
    endloop
  endfacet
  facet normal -0.9955619646030801 -0.09410831331851272 0
    outer loop
      vertex -19.39584241069804 -2.450264716182144 0
      vertex -19.39584241069804 -2.450264716182144 45
      vertex -19.511422540772706 -1.2275546567980744 45
    endloop
  endfacet
  facet normal -0.9995065603657315 -0.03141075907812833 0
    outer loop
      vertex -19.511422540772706 -1.2275546567980744 0
      vertex -19.511422540772706 -1.2275546567980744 45
      vertex -19.549999999999997 0 45
    endloop
  endfacet
  facet normal 0 0 1
    outer loop
      vertex -15.06353389626668 -12.46163899958688 45
      vertex -14.251336666088596 -13.382895920905858 45
      vertex -15.549999999999999 0 45
    endloop
  endfacet
  facet normal 0 0 1
    outer loop
      vertex -15.06353389626668 -12.46163899958688 45
      vertex -15.549999999999999 0 45
      vertex -15.81628224003022 -11.491201682317849 45
    endloop
  endfacet
  facet normal 0 0 1
    outer loop
      vertex -17.68936887571068 -8.323985150097165 45
      vertex -18.177130299115312 7.196835004985451 45
      vertex -18.177130299115312 -7.196835004985451 45
    endloop
  endfacet
  facet normal 0 0 1
    outer loop
      vertex -17.13179559485753 -9.418284328688534 45
      vertex -17.68936887571068 8.323985150097165 45
      vertex -17.68936887571068 -8.323985150097165 45
    endloop
  endfacet
  facet normal 0 0 1
    outer loop
      vertex -18.935800800064733 -4.861887294072911 45
      vertex -19.20371575174586 3.6633047001509196 45
      vertex -19.20371575174586 -3.6633047001509196 45
    endloop
  endfacet
  facet normal 0 0 1
    outer loop
      vertex -18.593154893570247 -6.04128224003022 45
      vertex -18.935800800064733 4.861887294072911 45
      vertex -18.935800800064733 -4.861887294072911 45
    endloop
  endfacet
  facet normal 0 0 1
    outer loop
      vertex -18.593154893570247 -6.04128224003022 45
      vertex -18.177130299115312 -7.196835004985451 45
      vertex -18.593154893570247 6.04128224003022 45
    endloop
  endfacet
  facet normal 0 0 1
    outer loop
      vertex -19.20371575174586 -3.6633047001509196 45
      vertex -19.39584241069804 2.450264716182144 45
      vertex -19.39584241069804 -2.450264716182144 45
    endloop
  endfacet
  facet normal 0 0 1
    outer loop
      vertex -19.39584241069804 -2.450264716182144 45
      vertex -19.511422540772706 1.2275546567980744 45
      vertex -19.511422540772706 -1.2275546567980744 45
    endloop
  endfacet
  facet normal 0 0 1
    outer loop
      vertex -16.50661094356439 -10.475413841839384 45
      vertex -15.81628224003022 -11.491201682317849 45
      vertex -16.50661094356439 10.475413841839384 45
    endloop
  endfacet
  facet normal 0 0 1
    outer loop
      vertex -16.50661094356439 -10.475413841839384 45
      vertex -17.13179559485753 9.418284328688534 45
      vertex -17.13179559485753 -9.418284328688534 45
    endloop
  endfacet
  facet normal 0 0 1
    outer loop
      vertex -14.251336666088596 -13.382895920905858 45
      vertex -13.382895920905858 -14.251336666088596 45
      vertex -15.549999999999999 0 45
    endloop
  endfacet
  facet normal 0 0 1
    outer loop
      vertex -12.46163899958688 -15.06353389626668 45
      vertex -15.549999999999999 0 45
      vertex -13.382895920905858 -14.251336666088596 45
    endloop
  endfacet
  facet normal -0.45399049973954714 -0.8910065241883677 0
    outer loop
      vertex -9.418284328688534 -17.13179559485753 0
      vertex -8.323985150097165 -17.68936887571068 45
      vertex -9.418284328688534 -17.13179559485753 45
    endloop
  endfacet
  facet normal -0.3971478906347799 -0.9177546256839814 0
    outer loop
      vertex -8.323985150097165 -17.68936887571068 0
      vertex -7.196835004985451 -18.177130299115312 45
      vertex -8.323985150097165 -17.68936887571068 45
    endloop
  endfacet
  facet normal -0.3387379202452901 -0.9408807689542259 0
    outer loop
      vertex -7.196835004985451 -18.177130299115312 0
      vertex -6.04128224003022 -18.593154893570247 45
      vertex -7.196835004985451 -18.177130299115312 45
    endloop
  endfacet
  facet normal -0.27899110603922944 -0.9602936856769431 0
    outer loop
      vertex -6.04128224003022 -18.593154893570247 0
      vertex -4.861887294072911 -18.935800800064733 45
      vertex -6.04128224003022 -18.593154893570247 45
    endloop
  endfacet
  facet normal -0.21814324139654503 -0.9759167619387469 0
    outer loop
      vertex -4.861887294072911 -18.935800800064733 0
      vertex -3.6633047001509196 -19.20371575174586 45
      vertex -4.861887294072911 -18.935800800064733 45
    endloop
  endfacet
  facet normal -0.15643446504023162 -0.9876883405951375 0
    outer loop
      vertex -3.6633047001509196 -19.20371575174586 0
      vertex -2.450264716182144 -19.39584241069804 45
      vertex -3.6633047001509196 -19.20371575174586 45
    endloop
  endfacet
  facet normal -0.09410831331851345 -0.9955619646030801 0
    outer loop
      vertex -2.450264716182144 -19.39584241069804 0
      vertex -1.227554656798084 -19.511422540772706 45
      vertex -2.450264716182144 -19.39584241069804 45
    endloop
  endfacet
  facet normal -0.031410759078128084 -0.9995065603657315 0
    outer loop
      vertex -1.227554656798084 -19.511422540772706 0
      vertex 0 -19.549999999999997 45
      vertex -1.227554656798084 -19.511422540772706 45
    endloop
  endfacet
  facet normal 0 0 1
    outer loop
      vertex -8.323985150097165 -17.68936887571068 45
      vertex -7.196835004985451 -18.177130299115312 45
      vertex -7.7749999999999995 -13.466695028848019 45
    endloop
  endfacet
  facet normal 0 0 1
    outer loop
      vertex -4.861887294072911 -18.935800800064733 45
      vertex -3.6633047001509196 -19.20371575174586 45
      vertex -7.7749999999999995 -13.466695028848019 45
    endloop
  endfacet
  facet normal 0 0 1
    outer loop
      vertex -7.196835004985451 -18.177130299115312 45
      vertex -6.04128224003022 -18.593154893570247 45
      vertex -7.7749999999999995 -13.466695028848019 45
    endloop
  endfacet
  facet normal 0 0 1
    outer loop
      vertex -6.04128224003022 -18.593154893570247 45
      vertex -4.861887294072911 -18.935800800064733 45
      vertex -7.7749999999999995 -13.466695028848019 45
    endloop
  endfacet
  facet normal 0 0 1
    outer loop
      vertex -3.6633047001509196 -19.20371575174586 45
      vertex -2.450264716182144 -19.39584241069804 45
      vertex -7.7749999999999995 -13.466695028848019 45
    endloop
  endfacet
  facet normal 0 0 1
    outer loop
      vertex -2.450264716182144 -19.39584241069804 45
      vertex -1.227554656798084 -19.511422540772706 45
      vertex -7.7749999999999995 -13.466695028848019 45
    endloop
  endfacet
  facet normal 0 0 1
    outer loop
      vertex -1.227554656798084 -19.511422540772706 45
      vertex 0 -19.549999999999997 45
      vertex -7.7749999999999995 -13.466695028848019 45
    endloop
  endfacet
  facet normal 0 0 1
    outer loop
      vertex 0 -19.549999999999997 45
      vertex 1.227554656798084 -19.511422540772706 45
      vertex -7.7749999999999995 -13.466695028848019 45
    endloop
  endfacet
  facet normal 0 0 1
    outer loop
      vertex 1.227554656798084 -19.511422540772706 45
      vertex 2.450264716182144 -19.39584241069804 45
      vertex -7.7749999999999995 -13.466695028848019 45
    endloop
  endfacet
  facet normal 0 0 1
    outer loop
      vertex 2.450264716182144 -19.39584241069804 45
      vertex 3.6633047001509196 -19.20371575174586 45
      vertex -7.7749999999999995 -13.466695028848019 45
    endloop
  endfacet
  facet normal 0 0 -1
    outer loop
      vertex -19.511422540772706 -1.2275546567980744 0
      vertex -19.549999999999997 0 0
      vertex -19.511422540772706 1.2275546567980744 0
    endloop
  endfacet
  facet normal 0 0 -1
    outer loop
      vertex -19.511422540772706 -1.2275546567980744 0
      vertex -19.511422540772706 1.2275546567980744 0
      vertex -19.39584241069804 2.450264716182144 0
    endloop
  endfacet
  facet normal 0 0 -1
    outer loop
      vertex -19.39584241069804 -2.450264716182144 0
      vertex -19.39584241069804 2.450264716182144 0
      vertex -19.20371575174586 3.6633047001509196 0
    endloop
  endfacet
  facet normal 0 0 -1
    outer loop
      vertex -19.20371575174586 -3.6633047001509196 0
      vertex -19.20371575174586 3.6633047001509196 0
      vertex -18.935800800064733 4.861887294072911 0
    endloop
  endfacet
  facet normal 0 0 -1
    outer loop
      vertex -18.935800800064733 -4.861887294072911 0
      vertex -18.935800800064733 4.861887294072911 0
      vertex -18.593154893570247 6.04128224003022 0
    endloop
  endfacet
  facet normal 0 0 -1
    outer loop
      vertex -18.593154893570247 -6.04128224003022 0
      vertex -18.593154893570247 6.04128224003022 0
      vertex -18.177130299115312 7.196835004985451 0
    endloop
  endfacet
  facet normal 0 0 -1
    outer loop
      vertex -18.177130299115312 -7.196835004985451 0
      vertex -18.177130299115312 7.196835004985451 0
      vertex -17.68936887571068 8.323985150097165 0
    endloop
  endfacet
  facet normal 0 0 -1
    outer loop
      vertex -17.68936887571068 -8.323985150097165 0
      vertex -17.68936887571068 8.323985150097165 0
      vertex -17.13179559485753 9.418284328688534 0
    endloop
  endfacet
  facet normal 0 0 -1
    outer loop
      vertex -17.13179559485753 -9.418284328688534 0
      vertex -17.13179559485753 9.418284328688534 0
      vertex -16.50661094356439 10.475413841839384 0
    endloop
  endfacet
  facet normal 0 0 -1
    outer loop
      vertex -16.50661094356439 -10.475413841839384 0
      vertex -16.50661094356439 10.475413841839384 0
      vertex -15.81628224003022 11.491201682317849 0
    endloop
  endfacet
  facet normal 0 0 -1
    outer loop
      vertex -15.81628224003022 -11.491201682317849 0
      vertex -15.81628224003022 11.491201682317849 0
      vertex -15.06353389626668 12.46163899958688 0
    endloop
  endfacet
  facet normal 0 0 -1
    outer loop
      vertex -15.06353389626668 -12.46163899958688 0
      vertex -15.06353389626668 12.46163899958688 0
      vertex -14.251336666088596 13.382895920905858 0
    endloop
  endfacet
  facet normal 0 0 -1
    outer loop
      vertex -14.251336666088596 -13.382895920905858 0
      vertex -14.251336666088596 13.382895920905858 0
      vertex -13.382895920905858 14.251336666088596 0
    endloop
  endfacet
  facet normal 0 0 -1
    outer loop
      vertex -13.382895920905858 -14.251336666088596 0
      vertex -13.382895920905858 14.251336666088596 0
      vertex -12.46163899958688 15.06353389626668 0
    endloop
  endfacet
  facet normal 0 0 -1
    outer loop
      vertex -12.46163899958688 -15.06353389626668 0
      vertex -12.46163899958688 15.06353389626668 0
      vertex -11.491201682317849 15.81628224003022 0
    endloop
  endfacet
  facet normal 0 0 -1
    outer loop
      vertex -11.491201682317849 -15.81628224003022 0
      vertex -11.491201682317849 15.81628224003022 0
      vertex -10.475413841839384 16.50661094356439 0
    endloop
  endfacet
  facet normal 0 0 -1
    outer loop
      vertex -10.475413841839384 -16.50661094356439 0
      vertex -10.475413841839384 16.50661094356439 0
      vertex -9.41828432868853 17.13179559485753 0
    endloop
  endfacet
  facet normal -0.9995065603657315 0.03141075907812833 -3.497924346864215e-20
    outer loop
      vertex -19.549999999999997 0 0
      vertex -19.511422540772706 1.2275546567980744 45
      vertex -19.511422540772706 1.2275546567980744 0
    endloop
  endfacet
  facet normal -0.9955619646030801 0.09410831331851272 1.508412989102112e-19
    outer loop
      vertex -19.511422540772706 1.2275546567980744 0
      vertex -19.39584241069804 2.450264716182144 45
      vertex -19.39584241069804 2.450264716182144 0
    endloop
  endfacet
  facet normal -0.9876883405951375 0.15643446504023162 -9.335338204517512e-22
    outer loop
      vertex -19.39584241069804 2.450264716182144 0
      vertex -19.20371575174586 3.6633047001509196 45
      vertex -19.20371575174586 3.6633047001509196 0
    endloop
  endfacet
  facet normal -0.9759167619387469 0.21814324139654503 -4.2121967582811654e-19
    outer loop
      vertex -19.20371575174586 3.6633047001509196 0
      vertex -18.935800800064733 4.861887294072911 45
      vertex -18.935800800064733 4.861887294072911 0
    endloop
  endfacet
  facet normal -0.9602936856769431 0.27899110603922944 -3.782799167538492e-20
    outer loop
      vertex -18.935800800064733 4.861887294072911 0
      vertex -18.593154893570247 6.04128224003022 45
      vertex -18.593154893570247 6.04128224003022 0
    endloop
  endfacet
  facet normal -0.9408807689542259 0.3387379202452901 -4.602638891390306e-19
    outer loop
      vertex -18.593154893570247 6.04128224003022 0
      vertex -18.177130299115312 7.196835004985451 45
      vertex -18.177130299115312 7.196835004985451 0
    endloop
  endfacet
  facet normal -0.9177546256839814 0.3971478906347799 -3.396853455332071e-19
    outer loop
      vertex -18.177130299115312 7.196835004985451 0
      vertex -17.68936887571068 8.323985150097165 45
      vertex -17.68936887571068 8.323985150097165 0
    endloop
  endfacet
  facet normal -0.8910065241883677 0.45399049973954714 -6.283139137990799e-19
    outer loop
      vertex -17.68936887571068 8.323985150097165 0
      vertex -17.13179559485753 9.418284328688534 45
      vertex -17.13179559485753 9.418284328688534 0
    endloop
  endfacet
  facet normal -0.8607420270039431 0.5090414157503722 -3.2681900377555207e-19
    outer loop
      vertex -17.13179559485753 9.418284328688534 0
      vertex -16.50661094356439 10.475413841839384 45
      vertex -16.50661094356439 10.475413841839384 0
    endloop
  endfacet
  facet normal -0.827080574274563 0.5620833778521287 9.38915334725893e-19
    outer loop
      vertex -16.50661094356439 10.475413841839384 0
      vertex -15.81628224003022 11.491201682317849 45
      vertex -15.81628224003022 11.491201682317849 0
    endloop
  endfacet
  facet normal -0.7901550123756901 0.6129070536529767 8.570553882466062e-19
    outer loop
      vertex -15.81628224003022 11.491201682317849 0
      vertex -15.06353389626668 12.46163899958688 45
      vertex -15.06353389626668 12.46163899958688 0
    endloop
  endfacet
  facet normal -0.750111069630459 0.6613118653236525 -8.97742224126819e-19
    outer loop
      vertex -15.06353389626668 12.46163899958688 0
      vertex -14.251336666088596 13.382895920905858 45
      vertex -14.251336666088596 13.382895920905858 0
    endloop
  endfacet
  facet normal -0.7071067811865476 0.7071067811865476 2.0713898260970713e-19
    outer loop
      vertex -14.251336666088596 13.382895920905858 0
      vertex -13.382895920905858 14.251336666088596 45
      vertex -13.382895920905858 14.251336666088596 0
    endloop
  endfacet
  facet normal -0.6613118653236525 0.750111069630459 0
    outer loop
      vertex -13.382895920905858 14.251336666088596 0
      vertex -13.382895920905858 14.251336666088596 45
      vertex -12.46163899958688 15.06353389626668 0
    endloop
  endfacet
  facet normal -0.6129070536529767 0.7901550123756901 0
    outer loop
      vertex -12.46163899958688 15.06353389626668 0
      vertex -12.46163899958688 15.06353389626668 45
      vertex -11.491201682317849 15.81628224003022 0
    endloop
  endfacet
  facet normal -0.5620833778521287 0.827080574274563 0
    outer loop
      vertex -11.491201682317849 15.81628224003022 0
      vertex -11.491201682317849 15.81628224003022 45
      vertex -10.475413841839384 16.50661094356439 0
    endloop
  endfacet
  facet normal -0.5090414157503709 0.860742027003944 0
    outer loop
      vertex -10.475413841839384 16.50661094356439 0
      vertex -10.475413841839384 16.50661094356439 45
      vertex -9.41828432868853 17.13179559485753 0
    endloop
  endfacet
  facet normal 0 0 -1
    outer loop
      vertex -9.418284328688534 -17.13179559485753 0
      vertex -9.41828432868853 17.13179559485753 0
      vertex -8.32398515009717 17.689368875710677 0
    endloop
  endfacet
  facet normal 0 0 -1
    outer loop
      vertex -8.323985150097165 -17.68936887571068 0
      vertex -8.32398515009717 17.689368875710677 0
      vertex -7.196835004985451 18.177130299115312 0
    endloop
  endfacet
  facet normal 0 0 -1
    outer loop
      vertex -7.196835004985451 -18.177130299115312 0
      vertex -7.196835004985451 18.177130299115312 0
      vertex -6.04128224003022 18.593154893570247 0
    endloop
  endfacet
  facet normal 0 0 -1
    outer loop
      vertex -6.04128224003022 -18.593154893570247 0
      vertex -6.04128224003022 18.593154893570247 0
      vertex -4.861887294072911 18.935800800064733 0
    endloop
  endfacet
  facet normal 0 0 -1
    outer loop
      vertex -3.6633047001509196 -19.20371575174586 0
      vertex -3.6633047001509147 19.20371575174586 0
      vertex -3.2 0 0
    endloop
  endfacet
  facet normal 0 0 -1
    outer loop
      vertex -4.861887294072911 -18.935800800064733 0
      vertex -4.861887294072911 18.935800800064733 0
      vertex -3.6633047001509147 19.20371575174586 0
    endloop
  endfacet
  facet normal 0 0 -1
    outer loop
      vertex -3.6633047001509147 19.20371575174586 0
      vertex -3.1936855309704693 0.2009296624938025 0
      vertex -3.2 0 0
    endloop
  endfacet
  facet normal 0 0 -1
    outer loop
      vertex -3.6633047001509147 19.20371575174586 0
      vertex -3.1747670442063294 0.401066347405773 0
      vertex -3.1936855309704693 0.2009296624938025 0
    endloop
  endfacet
  facet normal 0 0 -1
    outer loop
      vertex -3.6633047001509147 19.20371575174586 0
      vertex -3.1433192023318037 0.5996202066743195 0
      vertex -3.1747670442063294 0.401066347405773 0
    endloop
  endfacet
  facet normal 0 0 -1
    outer loop
      vertex -3.6633047001509147 19.20371575174586 0
      vertex -3.0994661156116194 0.7958076389275356 0
      vertex -3.1433192023318037 0.5996202066743195 0
    endloop
  endfacet
  facet normal 0 0 -1
    outer loop
      vertex -3.6633047001509147 19.20371575174586 0
      vertex -3.0433808521444914 0.9888543819998317 0
      vertex -3.0994661156116194 0.7958076389275356 0
    endloop
  endfacet
  facet normal 0 0 -1
    outer loop
      vertex -2.4502647161821485 19.39584241069804 0
      vertex -2.975284754842405 1.1779985685909693 0
      vertex -3.0433808521444914 0.9888543819998317 0
    endloop
  endfacet
  facet normal 0 0 -1
    outer loop
      vertex -2.4502647161821485 19.39584241069804 0
      vertex -2.8954465678912626 1.3624937330082318 0
      vertex -2.975284754842405 1.1779985685909693 0
    endloop
  endfacet
  facet normal 0 0 -1
    outer loop
      vertex -2.4502647161821485 19.39584241069804 0
      vertex -2.804181376140363 1.5416117571254893 0
      vertex -2.8954465678912626 1.3624937330082318 0
    endloop
  endfacet
  facet normal 0 0 -1
    outer loop
      vertex -2.4502647161821485 19.39584241069804 0
      vertex -2.701849361606448 1.7146457439327893 0
      vertex -2.804181376140363 1.5416117571254893 0
    endloop
  endfacet
  facet normal 0 0 -1
    outer loop
      vertex -2.4502647161821485 19.39584241069804 0
      vertex -2.588854381999832 1.880912807335914 0
      vertex -2.701849361606448 1.7146457439327893 0
    endloop
  endfacet
  facet normal 0 0 -1
    outer loop
      vertex -2.4502647161821485 19.39584241069804 0
      vertex -2.465642376882526 2.039756767195807 0
      vertex -2.588854381999832 1.880912807335914 0
    endloop
  endfacet
  facet normal 0 0 -1
    outer loop
      vertex -2.4502647161821485 19.39584241069804 0
      vertex -2.3326996077485176 2.1905507389718033 0
      vertex -2.465642376882526 2.039756767195807 0
    endloop
  endfacet
  facet normal 0 0 -1
    outer loop
      vertex -2.4502647161821485 19.39584241069804 0
      vertex -2.1905507389718033 2.3326996077485176 0
      vertex -2.3326996077485176 2.1905507389718033 0
    endloop
  endfacet
  facet normal 0 0 -1
    outer loop
      vertex -2.4502647161821485 19.39584241069804 0
      vertex -2.039756767195807 2.465642376882526 0
      vertex -2.1905507389718033 2.3326996077485176 0
    endloop
  endfacet
  facet normal 0 0 -1
    outer loop
      vertex -2.4502647161821485 19.39584241069804 0
      vertex -1.880912807335914 2.588854381999832 0
      vertex -2.039756767195807 2.465642376882526 0
    endloop
  endfacet
  facet normal 0 0 -1
    outer loop
      vertex -1.2275546567980744 19.511422540772706 0
      vertex -1.7146457439327893 2.701849361606448 0
      vertex -1.880912807335914 2.588854381999832 0
    endloop
  endfacet
  facet normal 0 0 -1
    outer loop
      vertex -1.2275546567980744 19.511422540772706 0
      vertex -1.5416117571254888 2.8041813761403636 0
      vertex -1.7146457439327893 2.701849361606448 0
    endloop
  endfacet
  facet normal 0 0 -1
    outer loop
      vertex -1.2275546567980744 19.511422540772706 0
      vertex -1.3624937330082327 2.8954465678912626 0
      vertex -1.5416117571254888 2.8041813761403636 0
    endloop
  endfacet
  facet normal 0 0 -1
    outer loop
      vertex -1.2275546567980744 19.511422540772706 0
      vertex -1.1779985685909693 2.975284754842405 0
      vertex -1.3624937330082327 2.8954465678912626 0
    endloop
  endfacet
  facet normal 0 0 -1
    outer loop
      vertex -1.2275546567980744 19.511422540772706 0
      vertex -0.9888543819998317 3.0433808521444914 0
      vertex -1.1779985685909693 2.975284754842405 0
    endloop
  endfacet
  facet normal 0 0 -1
    outer loop
      vertex -1.2275546567980744 19.511422540772706 0
      vertex -0.7958076389275356 3.0994661156116194 0
      vertex -0.9888543819998317 3.0433808521444914 0
    endloop
  endfacet
  facet normal 0 0 -1
    outer loop
      vertex -1.2275546567980744 19.511422540772706 0
      vertex -0.5996202066743187 3.143319202331804 0
      vertex -0.7958076389275356 3.0994661156116194 0
    endloop
  endfacet
  facet normal 0 0 -1
    outer loop
      vertex 0 19.549999999999997 0
      vertex -0.40106634740577374 3.1747670442063294 0
      vertex -0.5996202066743187 3.143319202331804 0
    endloop
  endfacet
  facet normal 0 0 -1
    outer loop
      vertex 0 19.549999999999997 0
      vertex -0.2009296624938025 3.1936855309704693 0
      vertex -0.40106634740577374 3.1747670442063294 0
    endloop
  endfacet
  facet normal 0 0 -1
    outer loop
      vertex 0 19.549999999999997 0
      vertex 0 3.2 0
      vertex -0.2009296624938025 3.1936855309704693 0
    endloop
  endfacet
  facet normal 0 0 -1
    outer loop
      vertex -3.6633047001509147 19.20371575174586 0
      vertex -2.4502647161821485 19.39584241069804 0
      vertex -3.0433808521444914 0.9888543819998317 0
    endloop
  endfacet
  facet normal 0 0 -1
    outer loop
      vertex -2.4502647161821485 19.39584241069804 0
      vertex -1.2275546567980744 19.511422540772706 0
      vertex -1.880912807335914 2.588854381999832 0
    endloop
  endfacet
  facet normal 0 0 -1
    outer loop
      vertex -1.2275546567980744 19.511422540772706 0
      vertex 0 19.549999999999997 0
      vertex -0.5996202066743187 3.143319202331804 0
    endloop
  endfacet
  facet normal -0.4539904997395478 0.8910065241883672 0
    outer loop
      vertex -9.41828432868853 17.13179559485753 0
      vertex -9.41828432868853 17.13179559485753 45
      vertex -8.32398515009717 17.689368875710677 0
    endloop
  endfacet
  facet normal -0.3971478906347808 0.917754625683981 0
    outer loop
      vertex -8.32398515009717 17.689368875710677 0
      vertex -8.32398515009717 17.689368875710677 45
      vertex -7.196835004985451 18.177130299115312 0
    endloop
  endfacet
  facet normal -0.3387379202452901 0.9408807689542259 0
    outer loop
      vertex -7.196835004985451 18.177130299115312 0
      vertex -7.196835004985451 18.177130299115312 45
      vertex -6.04128224003022 18.593154893570247 0
    endloop
  endfacet
  facet normal -0.27899110603922944 0.9602936856769431 0
    outer loop
      vertex -6.04128224003022 18.593154893570247 0
      vertex -6.04128224003022 18.593154893570247 45
      vertex -4.861887294072911 18.935800800064733 0
    endloop
  endfacet
  facet normal -0.2181432413965442 0.9759167619387471 0
    outer loop
      vertex -4.861887294072911 18.935800800064733 0
      vertex -4.861887294072911 18.935800800064733 45
      vertex -3.6633047001509147 19.20371575174586 0
    endloop
  endfacet
  facet normal -0.1564344650402328 0.9876883405951374 0
    outer loop
      vertex -3.6633047001509147 19.20371575174586 0
      vertex -3.6633047001509147 19.20371575174586 45
      vertex -2.4502647161821485 19.39584241069804 0
    endloop
  endfacet
  facet normal -0.09410831331851238 0.9955619646030802 0
    outer loop
      vertex -2.4502647161821485 19.39584241069804 0
      vertex -2.4502647161821485 19.39584241069804 45
      vertex -1.2275546567980744 19.511422540772706 0
    endloop
  endfacet
  facet normal -0.03141075907812833 0.9995065603657315 0
    outer loop
      vertex -1.2275546567980744 19.511422540772706 0
      vertex -1.2275546567980744 19.511422540772706 45
      vertex 0 19.549999999999997 0
    endloop
  endfacet
  facet normal -0.9995065603657315 0.03141075907812833 0
    outer loop
      vertex -19.549999999999997 0 0
      vertex -19.549999999999997 0 45
      vertex -19.511422540772706 1.2275546567980744 45
    endloop
  endfacet
  facet normal -0.9955619646030801 0.09410831331851272 0
    outer loop
      vertex -19.511422540772706 1.2275546567980744 0
      vertex -19.511422540772706 1.2275546567980744 45
      vertex -19.39584241069804 2.450264716182144 45
    endloop
  endfacet
  facet normal -0.9876883405951375 0.15643446504023162 0
    outer loop
      vertex -19.39584241069804 2.450264716182144 0
      vertex -19.39584241069804 2.450264716182144 45
      vertex -19.20371575174586 3.6633047001509196 45
    endloop
  endfacet
  facet normal -0.9759167619387469 0.21814324139654503 0
    outer loop
      vertex -19.20371575174586 3.6633047001509196 0
      vertex -19.20371575174586 3.6633047001509196 45
      vertex -18.935800800064733 4.861887294072911 45
    endloop
  endfacet
  facet normal -0.9602936856769431 0.27899110603922944 0
    outer loop
      vertex -18.935800800064733 4.861887294072911 0
      vertex -18.935800800064733 4.861887294072911 45
      vertex -18.593154893570247 6.04128224003022 45
    endloop
  endfacet
  facet normal -0.9408807689542259 0.3387379202452901 0
    outer loop
      vertex -18.593154893570247 6.04128224003022 0
      vertex -18.593154893570247 6.04128224003022 45
      vertex -18.177130299115312 7.196835004985451 45
    endloop
  endfacet
  facet normal -0.9177546256839814 0.3971478906347799 0
    outer loop
      vertex -18.177130299115312 7.196835004985451 0
      vertex -18.177130299115312 7.196835004985451 45
      vertex -17.68936887571068 8.323985150097165 45
    endloop
  endfacet
  facet normal -0.8910065241883677 0.45399049973954714 0
    outer loop
      vertex -17.68936887571068 8.323985150097165 0
      vertex -17.68936887571068 8.323985150097165 45
      vertex -17.13179559485753 9.418284328688534 45
    endloop
  endfacet
  facet normal -0.8607420270039431 0.5090414157503722 0
    outer loop
      vertex -17.13179559485753 9.418284328688534 0
      vertex -17.13179559485753 9.418284328688534 45
      vertex -16.50661094356439 10.475413841839384 45
    endloop
  endfacet
  facet normal 0 0 1
    outer loop
      vertex -19.511422540772706 -1.2275546567980744 45
      vertex -19.511422540772706 1.2275546567980744 45
      vertex -19.549999999999997 0 45
    endloop
  endfacet
  facet normal 0 0 1
    outer loop
      vertex -19.39584241069804 -2.450264716182144 45
      vertex -19.39584241069804 2.450264716182144 45
      vertex -19.511422540772706 1.2275546567980744 45
    endloop
  endfacet
  facet normal 0 0 1
    outer loop
      vertex -19.20371575174586 -3.6633047001509196 45
      vertex -19.20371575174586 3.6633047001509196 45
      vertex -19.39584241069804 2.450264716182144 45
    endloop
  endfacet
  facet normal 0 0 1
    outer loop
      vertex -18.935800800064733 -4.861887294072911 45
      vertex -18.935800800064733 4.861887294072911 45
      vertex -19.20371575174586 3.6633047001509196 45
    endloop
  endfacet
  facet normal 0 0 1
    outer loop
      vertex -18.593154893570247 -6.04128224003022 45
      vertex -18.593154893570247 6.04128224003022 45
      vertex -18.935800800064733 4.861887294072911 45
    endloop
  endfacet
  facet normal 0 0 1
    outer loop
      vertex -18.177130299115312 -7.196835004985451 45
      vertex -18.177130299115312 7.196835004985451 45
      vertex -18.593154893570247 6.04128224003022 45
    endloop
  endfacet
  facet normal 0 0 1
    outer loop
      vertex -17.68936887571068 -8.323985150097165 45
      vertex -17.68936887571068 8.323985150097165 45
      vertex -18.177130299115312 7.196835004985451 45
    endloop
  endfacet
  facet normal 0 0 1
    outer loop
      vertex -17.13179559485753 -9.418284328688534 45
      vertex -17.13179559485753 9.418284328688534 45
      vertex -17.68936887571068 8.323985150097165 45
    endloop
  endfacet
  facet normal 0 0 1
    outer loop
      vertex -15.81628224003022 -11.491201682317849 45
      vertex -15.549999999999999 0 45
      vertex -15.81628224003022 11.491201682317849 45
    endloop
  endfacet
  facet normal 0 0 1
    outer loop
      vertex -16.50661094356439 -10.475413841839384 45
      vertex -16.50661094356439 10.475413841839384 45
      vertex -17.13179559485753 9.418284328688534 45
    endloop
  endfacet
  facet normal 0 0 1
    outer loop
      vertex -15.81628224003022 -11.491201682317849 45
      vertex -15.81628224003022 11.491201682317849 45
      vertex -16.50661094356439 10.475413841839384 45
    endloop
  endfacet
  facet normal 0 0 1
    outer loop
      vertex -15.81628224003022 11.491201682317849 45
      vertex -15.549999999999999 0 45
      vertex -7.7749999999999995 13.466695028848015 45
    endloop
  endfacet
  facet normal -0.827080574274563 0.5620833778521287 0
    outer loop
      vertex -16.50661094356439 10.475413841839384 0
      vertex -16.50661094356439 10.475413841839384 45
      vertex -15.81628224003022 11.491201682317849 45
    endloop
  endfacet
  facet normal -0.7901550123756901 0.6129070536529767 0
    outer loop
      vertex -15.81628224003022 11.491201682317849 0
      vertex -15.81628224003022 11.491201682317849 45
      vertex -15.06353389626668 12.46163899958688 45
    endloop
  endfacet
  facet normal -0.750111069630459 0.6613118653236525 0
    outer loop
      vertex -15.06353389626668 12.46163899958688 0
      vertex -15.06353389626668 12.46163899958688 45
      vertex -14.251336666088596 13.382895920905858 45
    endloop
  endfacet
  facet normal -0.7071067811865476 0.7071067811865476 0
    outer loop
      vertex -14.251336666088596 13.382895920905858 0
      vertex -14.251336666088596 13.382895920905858 45
      vertex -13.382895920905858 14.251336666088596 45
    endloop
  endfacet
  facet normal -0.6613118653236525 0.750111069630459 0
    outer loop
      vertex -12.46163899958688 15.06353389626668 0
      vertex -13.382895920905858 14.251336666088596 45
      vertex -12.46163899958688 15.06353389626668 45
    endloop
  endfacet
  facet normal -0.6129070536529767 0.7901550123756901 0
    outer loop
      vertex -11.491201682317849 15.81628224003022 0
      vertex -12.46163899958688 15.06353389626668 45
      vertex -11.491201682317849 15.81628224003022 45
    endloop
  endfacet
  facet normal -0.5620833778521287 0.827080574274563 0
    outer loop
      vertex -10.475413841839384 16.50661094356439 0
      vertex -11.491201682317849 15.81628224003022 45
      vertex -10.475413841839384 16.50661094356439 45
    endloop
  endfacet
  facet normal 0 0 1
    outer loop
      vertex -15.81628224003022 11.491201682317849 45
      vertex -7.7749999999999995 13.466695028848015 45
      vertex -15.06353389626668 12.46163899958688 45
    endloop
  endfacet
  facet normal 0 0 1
    outer loop
      vertex -15.06353389626668 12.46163899958688 45
      vertex -7.7749999999999995 13.466695028848015 45
      vertex -14.251336666088596 13.382895920905858 45
    endloop
  endfacet
  facet normal 0 0 1
    outer loop
      vertex -14.251336666088596 13.382895920905858 45
      vertex -7.7749999999999995 13.466695028848015 45
      vertex -13.382895920905858 14.251336666088596 45
    endloop
  endfacet
  facet normal 0 0 1
    outer loop
      vertex -13.382895920905858 14.251336666088596 45
      vertex -7.7749999999999995 13.466695028848015 45
      vertex -12.46163899958688 15.06353389626668 45
    endloop
  endfacet
  facet normal 0 0 1
    outer loop
      vertex -12.46163899958688 15.06353389626668 45
      vertex -7.7749999999999995 13.466695028848015 45
      vertex -11.491201682317849 15.81628224003022 45
    endloop
  endfacet
  facet normal 0 0 1
    outer loop
      vertex -11.491201682317849 15.81628224003022 45
      vertex -7.7749999999999995 13.466695028848015 45
      vertex -10.475413841839384 16.50661094356439 45
    endloop
  endfacet
  facet normal -0.5090414157503709 0.860742027003944 0
    outer loop
      vertex -9.41828432868853 17.13179559485753 0
      vertex -10.475413841839384 16.50661094356439 45
      vertex -9.41828432868853 17.13179559485753 45
    endloop
  endfacet
  facet normal -0.4539904997395478 0.8910065241883672 0
    outer loop
      vertex -8.32398515009717 17.689368875710677 0
      vertex -9.41828432868853 17.13179559485753 45
      vertex -8.32398515009717 17.689368875710677 45
    endloop
  endfacet
  facet normal -0.3971478906347808 0.917754625683981 0
    outer loop
      vertex -7.196835004985451 18.177130299115312 0
      vertex -8.32398515009717 17.689368875710677 45
      vertex -7.196835004985451 18.177130299115312 45
    endloop
  endfacet
  facet normal -0.3387379202452901 0.9408807689542259 0
    outer loop
      vertex -6.04128224003022 18.593154893570247 0
      vertex -7.196835004985451 18.177130299115312 45
      vertex -6.04128224003022 18.593154893570247 45
    endloop
  endfacet
  facet normal -0.27899110603922944 0.9602936856769431 0
    outer loop
      vertex -4.861887294072911 18.935800800064733 0
      vertex -6.04128224003022 18.593154893570247 45
      vertex -4.861887294072911 18.935800800064733 45
    endloop
  endfacet
  facet normal -0.2181432413965442 0.9759167619387471 0
    outer loop
      vertex -3.6633047001509147 19.20371575174586 0
      vertex -4.861887294072911 18.935800800064733 45
      vertex -3.6633047001509147 19.20371575174586 45
    endloop
  endfacet
  facet normal -0.1564344650402328 0.9876883405951374 0
    outer loop
      vertex -2.4502647161821485 19.39584241069804 0
      vertex -3.6633047001509147 19.20371575174586 45
      vertex -2.4502647161821485 19.39584241069804 45
    endloop
  endfacet
  facet normal -0.09410831331851238 0.9955619646030802 0
    outer loop
      vertex -1.2275546567980744 19.511422540772706 0
      vertex -2.4502647161821485 19.39584241069804 45
      vertex -1.2275546567980744 19.511422540772706 45
    endloop
  endfacet
  facet normal -0.03141075907812833 0.9995065603657315 -3.497924346864215e-20
    outer loop
      vertex -1.2275546567980744 19.511422540772706 45
      vertex 0 19.549999999999997 45
      vertex 0 19.549999999999997 0
    endloop
  endfacet
  facet normal 0 0 1
    outer loop
      vertex -10.475413841839384 16.50661094356439 45
      vertex -7.7749999999999995 13.466695028848015 45
      vertex -9.41828432868853 17.13179559485753 45
    endloop
  endfacet
  facet normal 0 0 1
    outer loop
      vertex -9.41828432868853 17.13179559485753 45
      vertex -7.7749999999999995 13.466695028848015 45
      vertex -8.32398515009717 17.689368875710677 45
    endloop
  endfacet
  facet normal 0 0 1
    outer loop
      vertex -8.32398515009717 17.689368875710677 45
      vertex -7.7749999999999995 13.466695028848015 45
      vertex 7.7749999999999995 13.466695028848019 45
    endloop
  endfacet
  facet normal 0 0 1
    outer loop
      vertex -8.32398515009717 17.689368875710677 45
      vertex 7.7749999999999995 13.466695028848019 45
      vertex -7.196835004985451 18.177130299115312 45
    endloop
  endfacet
  facet normal 0 0 1
    outer loop
      vertex -7.196835004985451 18.177130299115312 45
      vertex 7.7749999999999995 13.466695028848019 45
      vertex -6.04128224003022 18.593154893570247 45
    endloop
  endfacet
  facet normal 0 0 1
    outer loop
      vertex -6.04128224003022 18.593154893570247 45
      vertex 7.7749999999999995 13.466695028848019 45
      vertex -4.861887294072911 18.935800800064733 45
    endloop
  endfacet
  facet normal 0 0 1
    outer loop
      vertex -4.861887294072911 18.935800800064733 45
      vertex 7.7749999999999995 13.466695028848019 45
      vertex -3.6633047001509147 19.20371575174586 45
    endloop
  endfacet
  facet normal 0 0 -1
    outer loop
      vertex 0 -19.549999999999997 0
      vertex 0.5996202066743195 -3.1433192023318037 0
      vertex 1.227554656798084 -19.511422540772706 0
    endloop
  endfacet
  facet normal 0 0 -1
    outer loop
      vertex 1.227554656798084 -19.511422540772706 0
      vertex 1.880912807335914 -2.588854381999832 0
      vertex 2.450264716182144 -19.39584241069804 0
    endloop
  endfacet
  facet normal 0 0 -1
    outer loop
      vertex 2.450264716182144 -19.39584241069804 0
      vertex 3.0433808521444914 -0.9888543819998317 0
      vertex 3.6633047001509196 -19.20371575174586 0
    endloop
  endfacet
  facet normal 0.031410759078128084 -0.9995065603657315 -2.461069611181464e-20
    outer loop
      vertex 0 -19.549999999999997 0
      vertex 1.227554656798084 -19.511422540772706 0
      vertex 1.227554656798084 -19.511422540772706 45
    endloop
  endfacet
  facet normal 0.09410831331851345 -0.9955619646030801 -2.3061723457740107e-19
    outer loop
      vertex 1.227554656798084 -19.511422540772706 0
      vertex 2.450264716182144 -19.39584241069804 0
      vertex 2.450264716182144 -19.39584241069804 45
    endloop
  endfacet
  facet normal 0.15643446504023162 -0.9876883405951375 -9.335338204517512e-22
    outer loop
      vertex 2.450264716182144 -19.39584241069804 0
      vertex 3.6633047001509196 -19.20371575174586 0
      vertex 3.6633047001509196 -19.20371575174586 45
    endloop
  endfacet
  facet normal 0.2181432413965437 -0.9759167619387472 2.9287908064054004e-19
    outer loop
      vertex 3.6633047001509196 -19.20371575174586 0
      vertex 4.861887294072903 -18.935800800064737 0
      vertex 4.861887294072903 -18.935800800064737 45
    endloop
  endfacet
  facet normal 0.2789911060392304 -0.9602936856769428 -2.163252470444556e-19
    outer loop
      vertex 4.861887294072903 -18.935800800064737 0
      vertex 6.04128224003022 -18.593154893570247 0
      vertex 6.04128224003022 -18.593154893570247 45
    endloop
  endfacet
  facet normal 0.3387379202452902 -0.940880768954226 -2.8378283545022424e-19
    outer loop
      vertex 6.04128224003022 -18.593154893570247 0
      vertex 7.196835004985461 -18.17713029911531 0
      vertex 7.196835004985461 -18.17713029911531 45
    endloop
  endfacet
  facet normal 0.39714789063478034 -0.9177546256839813 -3.2323285829479472e-19
    outer loop
      vertex 7.196835004985461 -18.17713029911531 0
      vertex 8.323985150097165 -17.68936887571068 0
      vertex 8.323985150097165 -17.68936887571068 45
    endloop
  endfacet
  facet normal 0.45399049973954714 -0.8910065241883677 -6.283139137990799e-19
    outer loop
      vertex 8.323985150097165 -17.68936887571068 0
      vertex 9.418284328688534 -17.13179559485753 0
      vertex 9.418284328688534 -17.13179559485753 45
    endloop
  endfacet
  facet normal 0 0 -1
    outer loop
      vertex 0 -19.549999999999997 0
      vertex 0 -3.2 0
      vertex 0.20092966249380406 -3.1936855309704693 0
    endloop
  endfacet
  facet normal 0 0 -1
    outer loop
      vertex 0 -19.549999999999997 0
      vertex 0.20092966249380406 -3.1936855309704693 0
      vertex 0.401066347405773 -3.1747670442063294 0
    endloop
  endfacet
  facet normal 0 0 -1
    outer loop
      vertex 0 -19.549999999999997 0
      vertex 0.401066347405773 -3.1747670442063294 0
      vertex 0.5996202066743195 -3.1433192023318037 0
    endloop
  endfacet
  facet normal 0 0 -1
    outer loop
      vertex 1.227554656798084 -19.511422540772706 0
      vertex 0.5996202066743195 -3.1433192023318037 0
      vertex 0.7958076389275343 -3.09946611561162 0
    endloop
  endfacet
  facet normal 0 0 -1
    outer loop
      vertex 1.227554656798084 -19.511422540772706 0
      vertex 0.7958076389275343 -3.09946611561162 0
      vertex 0.9888543819998317 -3.0433808521444914 0
    endloop
  endfacet
  facet normal 0 0 -1
    outer loop
      vertex 1.227554656798084 -19.511422540772706 0
      vertex 0.9888543819998317 -3.0433808521444914 0
      vertex 1.1779985685909709 -2.975284754842404 0
    endloop
  endfacet
  facet normal 0 0 -1
    outer loop
      vertex 1.227554656798084 -19.511422540772706 0
      vertex 1.1779985685909709 -2.975284754842404 0
      vertex 1.3624937330082318 -2.8954465678912626 0
    endloop
  endfacet
  facet normal 0 0 -1
    outer loop
      vertex 1.227554656798084 -19.511422540772706 0
      vertex 1.3624937330082318 -2.8954465678912626 0
      vertex 1.5416117571254893 -2.804181376140363 0
    endloop
  endfacet
  facet normal 0 0 -1
    outer loop
      vertex 1.227554656798084 -19.511422540772706 0
      vertex 1.5416117571254893 -2.804181376140363 0
      vertex 1.714645743932788 -2.701849361606449 0
    endloop
  endfacet
  facet normal 0 0 -1
    outer loop
      vertex 1.227554656798084 -19.511422540772706 0
      vertex 1.714645743932788 -2.701849361606449 0
      vertex 1.880912807335914 -2.588854381999832 0
    endloop
  endfacet
  facet normal 0 0 -1
    outer loop
      vertex 2.450264716182144 -19.39584241069804 0
      vertex 1.880912807335914 -2.588854381999832 0
      vertex 2.039756767195808 -2.465642376882525 0
    endloop
  endfacet
  facet normal 0 0 -1
    outer loop
      vertex 2.450264716182144 -19.39584241069804 0
      vertex 2.039756767195808 -2.465642376882525 0
      vertex 2.1905507389718033 -2.3326996077485176 0
    endloop
  endfacet
  facet normal 0 0 -1
    outer loop
      vertex 2.450264716182144 -19.39584241069804 0
      vertex 2.1905507389718033 -2.3326996077485176 0
      vertex 2.3326996077485176 -2.1905507389718033 0
    endloop
  endfacet
  facet normal 0 0 -1
    outer loop
      vertex 2.450264716182144 -19.39584241069804 0
      vertex 2.3326996077485176 -2.1905507389718033 0
      vertex 2.465642376882525 -2.039756767195808 0
    endloop
  endfacet
  facet normal 0 0 -1
    outer loop
      vertex 2.450264716182144 -19.39584241069804 0
      vertex 2.465642376882525 -2.039756767195808 0
      vertex 2.588854381999832 -1.880912807335914 0
    endloop
  endfacet
  facet normal 0 0 -1
    outer loop
      vertex 2.450264716182144 -19.39584241069804 0
      vertex 2.588854381999832 -1.880912807335914 0
      vertex 2.701849361606449 -1.714645743932788 0
    endloop
  endfacet
  facet normal 0 0 -1
    outer loop
      vertex 2.450264716182144 -19.39584241069804 0
      vertex 2.701849361606449 -1.714645743932788 0
      vertex 2.804181376140363 -1.5416117571254893 0
    endloop
  endfacet
  facet normal 0 0 -1
    outer loop
      vertex 2.450264716182144 -19.39584241069804 0
      vertex 2.804181376140363 -1.5416117571254893 0
      vertex 2.8954465678912626 -1.3624937330082318 0
    endloop
  endfacet
  facet normal 0 0 -1
    outer loop
      vertex 2.450264716182144 -19.39584241069804 0
      vertex 2.8954465678912626 -1.3624937330082318 0
      vertex 2.975284754842404 -1.1779985685909709 0
    endloop
  endfacet
  facet normal 0 0 -1
    outer loop
      vertex 2.450264716182144 -19.39584241069804 0
      vertex 2.975284754842404 -1.1779985685909709 0
      vertex 3.0433808521444914 -0.9888543819998317 0
    endloop
  endfacet
  facet normal 0 0 -1
    outer loop
      vertex 3.6633047001509196 -19.20371575174586 0
      vertex 3.0433808521444914 -0.9888543819998317 0
      vertex 3.09946611561162 -0.7958076389275343 0
    endloop
  endfacet
  facet normal 0 0 -1
    outer loop
      vertex 3.6633047001509196 -19.20371575174586 0
      vertex 3.09946611561162 -0.7958076389275343 0
      vertex 3.1433192023318037 -0.5996202066743195 0
    endloop
  endfacet
  facet normal 0 0 -1
    outer loop
      vertex 3.6633047001509196 -19.20371575174586 0
      vertex 3.1433192023318037 -0.5996202066743195 0
      vertex 3.1747670442063294 -0.401066347405773 0
    endloop
  endfacet
  facet normal 0 0 -1
    outer loop
      vertex 3.6633047001509196 -19.20371575174586 0
      vertex 3.1747670442063294 -0.401066347405773 0
      vertex 3.1936855309704693 -0.20092966249380406 0
    endloop
  endfacet
  facet normal 0 0 -1
    outer loop
      vertex 3.6633047001509196 -19.20371575174586 0
      vertex 3.1936855309704693 -0.20092966249380406 0
      vertex 3.2 0 0
    endloop
  endfacet
  facet normal 0 0 -1
    outer loop
      vertex 3.6633047001509196 -19.20371575174586 0
      vertex 4.861887294072911 18.935800800064733 0
      vertex 4.861887294072903 -18.935800800064737 0
    endloop
  endfacet
  facet normal 0 0 -1
    outer loop
      vertex 4.861887294072903 -18.935800800064737 0
      vertex 6.04128224003022 18.593154893570247 0
      vertex 6.04128224003022 -18.593154893570247 0
    endloop
  endfacet
  facet normal 0 0 -1
    outer loop
      vertex 6.04128224003022 -18.593154893570247 0
      vertex 7.196835004985451 18.177130299115312 0
      vertex 7.196835004985461 -18.17713029911531 0
    endloop
  endfacet
  facet normal 0 0 -1
    outer loop
      vertex 7.196835004985461 -18.17713029911531 0
      vertex 8.32398515009717 17.689368875710677 0
      vertex 8.323985150097165 -17.68936887571068 0
    endloop
  endfacet
  facet normal 0 0 -1
    outer loop
      vertex 8.323985150097165 -17.68936887571068 0
      vertex 9.41828432868853 17.13179559485753 0
      vertex 9.418284328688534 -17.13179559485753 0
    endloop
  endfacet
  facet normal 0.509041415750371 -0.8607420270039438 3.3396263570893924e-19
    outer loop
      vertex 9.418284328688534 -17.13179559485753 0
      vertex 10.475413841839375 -16.506610943564397 0
      vertex 10.475413841839375 -16.506610943564397 45
    endloop
  endfacet
  facet normal 0.5620833778521294 -0.8270805742745627 -5.943859725261132e-19
    outer loop
      vertex 10.475413841839375 -16.506610943564397 0
      vertex 11.491201682317849 -15.81628224003022 0
      vertex 11.491201682317849 -15.81628224003022 45
    endloop
  endfacet
  facet normal 0.6129070536529776 -0.7901550123756896 -5.815011370646155e-19
    outer loop
      vertex 11.491201682317849 -15.81628224003022 0
      vertex 12.461638999586887 -15.063533896266673 0
      vertex 12.461638999586887 -15.063533896266673 45
    endloop
  endfacet
  facet normal 0.6613118653236522 -0.7501110696304594 -7.793534053957417e-19
    outer loop
      vertex 12.461638999586887 -15.063533896266673 0
      vertex 13.382895920905858 -14.251336666088596 0
      vertex 13.382895920905858 -14.251336666088596 45
    endloop
  endfacet
  facet normal 0.7071067811865476 -0.7071067811865476 0
    outer loop
      vertex 13.382895920905858 -14.251336666088596 0
      vertex 14.251336666088596 -13.382895920905858 0
      vertex 13.382895920905858 -14.251336666088596 45
    endloop
  endfacet
  facet normal 0.7501110696304594 -0.6613118653236522 0
    outer loop
      vertex 14.251336666088596 -13.382895920905858 0
      vertex 15.063533896266673 -12.461638999586887 0
      vertex 14.251336666088596 -13.382895920905858 45
    endloop
  endfacet
  facet normal 0.7901550123756896 -0.6129070536529776 0
    outer loop
      vertex 15.063533896266673 -12.461638999586887 0
      vertex 15.81628224003022 -11.491201682317849 0
      vertex 15.063533896266673 -12.461638999586887 45
    endloop
  endfacet
  facet normal 0.8270805742745627 -0.5620833778521294 0
    outer loop
      vertex 15.81628224003022 -11.491201682317849 0
      vertex 16.506610943564397 -10.475413841839375 0
      vertex 15.81628224003022 -11.491201682317849 45
    endloop
  endfacet
  facet normal 0.8607420270039438 -0.509041415750371 0
    outer loop
      vertex 16.506610943564397 -10.475413841839375 0
      vertex 17.13179559485753 -9.418284328688534 0
      vertex 16.506610943564397 -10.475413841839375 45
    endloop
  endfacet
  facet normal 0 0 -1
    outer loop
      vertex 9.418284328688534 -17.13179559485753 0
      vertex 10.475413841839384 16.506610943564393 0
      vertex 10.475413841839375 -16.506610943564397 0
    endloop
  endfacet
  facet normal 0 0 -1
    outer loop
      vertex 10.475413841839375 -16.506610943564397 0
      vertex 11.491201682317849 15.81628224003022 0
      vertex 11.491201682317849 -15.81628224003022 0
    endloop
  endfacet
  facet normal 0 0 -1
    outer loop
      vertex 11.491201682317849 -15.81628224003022 0
      vertex 12.461638999586883 15.063533896266675 0
      vertex 12.461638999586887 -15.063533896266673 0
    endloop
  endfacet
  facet normal 0 0 -1
    outer loop
      vertex 12.461638999586887 -15.063533896266673 0
      vertex 13.382895920905863 14.251336666088594 0
      vertex 13.382895920905858 -14.251336666088596 0
    endloop
  endfacet
  facet normal 0 0 -1
    outer loop
      vertex 13.382895920905858 -14.251336666088596 0
      vertex 14.251336666088594 13.382895920905863 0
      vertex 14.251336666088596 -13.382895920905858 0
    endloop
  endfacet
  facet normal 0 0 -1
    outer loop
      vertex 14.251336666088596 -13.382895920905858 0
      vertex 15.063533896266675 12.461638999586883 0
      vertex 15.063533896266673 -12.461638999586887 0
    endloop
  endfacet
  facet normal 0 0 -1
    outer loop
      vertex 15.063533896266673 -12.461638999586887 0
      vertex 15.81628224003022 11.491201682317849 0
      vertex 15.81628224003022 -11.491201682317849 0
    endloop
  endfacet
  facet normal 0 0 -1
    outer loop
      vertex 15.81628224003022 -11.491201682317849 0
      vertex 16.506610943564393 10.475413841839384 0
      vertex 16.506610943564397 -10.475413841839375 0
    endloop
  endfacet
  facet normal 0 0 -1
    outer loop
      vertex 16.506610943564397 -10.475413841839375 0
      vertex 17.13179559485753 9.418284328688534 0
      vertex 17.13179559485753 -9.418284328688534 0
    endloop
  endfacet
  facet normal 0 0 -1
    outer loop
      vertex 17.13179559485753 -9.418284328688534 0
      vertex 17.68936887571068 8.323985150097169 0
      vertex 17.68936887571068 -8.323985150097165 0
    endloop
  endfacet
  facet normal 0 0 -1
    outer loop
      vertex 17.68936887571068 -8.323985150097165 0
      vertex 18.177130299115312 7.196835004985453 0
      vertex 18.17713029911531 -7.196835004985461 0
    endloop
  endfacet
  facet normal 0 0 -1
    outer loop
      vertex 18.17713029911531 -7.196835004985461 0
      vertex 18.593154893570247 6.04128224003022 0
      vertex 18.593154893570247 -6.04128224003022 0
    endloop
  endfacet
  facet normal 0 0 -1
    outer loop
      vertex 18.593154893570247 -6.04128224003022 0
      vertex 18.935800800064733 4.86188729407291 0
      vertex 18.935800800064737 -4.861887294072903 0
    endloop
  endfacet
  facet normal 0 0 -1
    outer loop
      vertex 18.935800800064737 -4.861887294072903 0
      vertex 19.20371575174586 3.663304700150916 0
      vertex 19.20371575174586 -3.6633047001509196 0
    endloop
  endfacet
  facet normal 0 0 -1
    outer loop
      vertex 19.20371575174586 -3.6633047001509196 0
      vertex 19.39584241069804 2.450264716182148 0
      vertex 19.39584241069804 -2.450264716182144 0
    endloop
  endfacet
  facet normal 0 0 -1
    outer loop
      vertex 19.39584241069804 -2.450264716182144 0
      vertex 19.511422540772706 1.2275546567980762 0
      vertex 19.511422540772706 -1.227554656798084 0
    endloop
  endfacet
  facet normal 0 0 -1
    outer loop
      vertex 19.511422540772706 -1.227554656798084 0
      vertex 19.511422540772706 1.2275546567980762 0
      vertex 19.549999999999997 0 0
    endloop
  endfacet
  facet normal 0.8910065241883677 -0.45399049973954714 0
    outer loop
      vertex 17.13179559485753 -9.418284328688534 0
      vertex 17.68936887571068 -8.323985150097165 0
      vertex 17.13179559485753 -9.418284328688534 45
    endloop
  endfacet
  facet normal 0.9177546256839813 -0.39714789063478034 0
    outer loop
      vertex 17.68936887571068 -8.323985150097165 0
      vertex 18.17713029911531 -7.196835004985461 0
      vertex 17.68936887571068 -8.323985150097165 45
    endloop
  endfacet
  facet normal 0.940880768954226 -0.3387379202452902 0
    outer loop
      vertex 18.17713029911531 -7.196835004985461 0
      vertex 18.593154893570247 -6.04128224003022 0
      vertex 18.17713029911531 -7.196835004985461 45
    endloop
  endfacet
  facet normal 0.9602936856769428 -0.2789911060392304 0
    outer loop
      vertex 18.593154893570247 -6.04128224003022 0
      vertex 18.935800800064737 -4.861887294072903 0
      vertex 18.593154893570247 -6.04128224003022 45
    endloop
  endfacet
  facet normal 0.9759167619387472 -0.2181432413965437 0
    outer loop
      vertex 18.935800800064737 -4.861887294072903 0
      vertex 19.20371575174586 -3.6633047001509196 0
      vertex 18.935800800064737 -4.861887294072903 45
    endloop
  endfacet
  facet normal 0.9876883405951375 -0.15643446504023162 0
    outer loop
      vertex 19.20371575174586 -3.6633047001509196 0
      vertex 19.39584241069804 -2.450264716182144 0
      vertex 19.20371575174586 -3.6633047001509196 45
    endloop
  endfacet
  facet normal 0.9955619646030801 -0.09410831331851345 0
    outer loop
      vertex 19.39584241069804 -2.450264716182144 0
      vertex 19.511422540772706 -1.227554656798084 0
      vertex 19.39584241069804 -2.450264716182144 45
    endloop
  endfacet
  facet normal 0.9995065603657315 -0.031410759078128084 0
    outer loop
      vertex 19.511422540772706 -1.227554656798084 0
      vertex 19.549999999999997 0 0
      vertex 19.511422540772706 -1.227554656798084 45
    endloop
  endfacet
  facet normal 0.031410759078128084 -0.9995065603657315 0
    outer loop
      vertex 0 -19.549999999999997 0
      vertex 1.227554656798084 -19.511422540772706 45
      vertex 0 -19.549999999999997 45
    endloop
  endfacet
  facet normal 0.09410831331851345 -0.9955619646030801 0
    outer loop
      vertex 1.227554656798084 -19.511422540772706 0
      vertex 2.450264716182144 -19.39584241069804 45
      vertex 1.227554656798084 -19.511422540772706 45
    endloop
  endfacet
  facet normal 0.15643446504023162 -0.9876883405951375 0
    outer loop
      vertex 2.450264716182144 -19.39584241069804 0
      vertex 3.6633047001509196 -19.20371575174586 45
      vertex 2.450264716182144 -19.39584241069804 45
    endloop
  endfacet
  facet normal 0.2181432413965437 -0.9759167619387472 0
    outer loop
      vertex 3.6633047001509196 -19.20371575174586 0
      vertex 4.861887294072903 -18.935800800064737 45
      vertex 3.6633047001509196 -19.20371575174586 45
    endloop
  endfacet
  facet normal 0.2789911060392304 -0.9602936856769428 0
    outer loop
      vertex 4.861887294072903 -18.935800800064737 0
      vertex 6.04128224003022 -18.593154893570247 45
      vertex 4.861887294072903 -18.935800800064737 45
    endloop
  endfacet
  facet normal 0.3387379202452902 -0.940880768954226 0
    outer loop
      vertex 6.04128224003022 -18.593154893570247 0
      vertex 7.196835004985461 -18.17713029911531 45
      vertex 6.04128224003022 -18.593154893570247 45
    endloop
  endfacet
  facet normal 0.39714789063478034 -0.9177546256839813 0
    outer loop
      vertex 7.196835004985461 -18.17713029911531 0
      vertex 8.323985150097165 -17.68936887571068 45
      vertex 7.196835004985461 -18.17713029911531 45
    endloop
  endfacet
  facet normal 0.45399049973954714 -0.8910065241883677 0
    outer loop
      vertex 8.323985150097165 -17.68936887571068 0
      vertex 9.418284328688534 -17.13179559485753 45
      vertex 8.323985150097165 -17.68936887571068 45
    endloop
  endfacet
  facet normal 0.509041415750371 -0.8607420270039438 0
    outer loop
      vertex 9.418284328688534 -17.13179559485753 0
      vertex 10.475413841839375 -16.506610943564397 45
      vertex 9.418284328688534 -17.13179559485753 45
    endloop
  endfacet
  facet normal 0 0 1
    outer loop
      vertex 3.6633047001509196 -19.20371575174586 45
      vertex 4.861887294072903 -18.935800800064737 45
      vertex -7.7749999999999995 -13.466695028848019 45
    endloop
  endfacet
  facet normal 0 0 1
    outer loop
      vertex 4.861887294072903 -18.935800800064737 45
      vertex 6.04128224003022 -18.593154893570247 45
      vertex -7.7749999999999995 -13.466695028848019 45
    endloop
  endfacet
  facet normal 0 0 1
    outer loop
      vertex 6.04128224003022 -18.593154893570247 45
      vertex 7.196835004985461 -18.17713029911531 45
      vertex -7.7749999999999995 -13.466695028848019 45
    endloop
  endfacet
  facet normal 0 0 1
    outer loop
      vertex 7.196835004985461 -18.17713029911531 45
      vertex 8.323985150097165 -17.68936887571068 45
      vertex -7.7749999999999995 -13.466695028848019 45
    endloop
  endfacet
  facet normal 0 0 1
    outer loop
      vertex 8.323985150097165 -17.68936887571068 45
      vertex 7.774999999999998 -13.466695028848019 45
      vertex -7.7749999999999995 -13.466695028848019 45
    endloop
  endfacet
  facet normal 0 0 1
    outer loop
      vertex 8.323985150097165 -17.68936887571068 45
      vertex 9.418284328688534 -17.13179559485753 45
      vertex 7.774999999999998 -13.466695028848019 45
    endloop
  endfacet
  facet normal 0 0 1
    outer loop
      vertex 9.418284328688534 -17.13179559485753 45
      vertex 10.475413841839375 -16.506610943564397 45
      vertex 7.774999999999998 -13.466695028848019 45
    endloop
  endfacet
  facet normal 0.5620833778521294 -0.8270805742745627 0
    outer loop
      vertex 10.475413841839375 -16.506610943564397 0
      vertex 11.491201682317849 -15.81628224003022 45
      vertex 10.475413841839375 -16.506610943564397 45
    endloop
  endfacet
  facet normal 0.6129070536529776 -0.7901550123756896 0
    outer loop
      vertex 11.491201682317849 -15.81628224003022 0
      vertex 12.461638999586887 -15.063533896266673 45
      vertex 11.491201682317849 -15.81628224003022 45
    endloop
  endfacet
  facet normal 0.6613118653236522 -0.7501110696304594 0
    outer loop
      vertex 12.461638999586887 -15.063533896266673 0
      vertex 13.382895920905858 -14.251336666088596 45
      vertex 12.461638999586887 -15.063533896266673 45
    endloop
  endfacet
  facet normal 0.7071067811865476 -0.7071067811865476 0
    outer loop
      vertex 14.251336666088596 -13.382895920905858 0
      vertex 14.251336666088596 -13.382895920905858 45
      vertex 13.382895920905858 -14.251336666088596 45
    endloop
  endfacet
  facet normal 0.7501110696304594 -0.6613118653236522 0
    outer loop
      vertex 15.063533896266673 -12.461638999586887 0
      vertex 15.063533896266673 -12.461638999586887 45
      vertex 14.251336666088596 -13.382895920905858 45
    endloop
  endfacet
  facet normal 0.7901550123756896 -0.6129070536529776 0
    outer loop
      vertex 15.81628224003022 -11.491201682317849 0
      vertex 15.81628224003022 -11.491201682317849 45
      vertex 15.063533896266673 -12.461638999586887 45
    endloop
  endfacet
  facet normal 0.8270805742745627 -0.5620833778521294 0
    outer loop
      vertex 16.506610943564397 -10.475413841839375 0
      vertex 16.506610943564397 -10.475413841839375 45
      vertex 15.81628224003022 -11.491201682317849 45
    endloop
  endfacet
  facet normal 0 0 1
    outer loop
      vertex 10.475413841839375 -16.506610943564397 45
      vertex 11.491201682317849 -15.81628224003022 45
      vertex 7.774999999999998 -13.466695028848019 45
    endloop
  endfacet
  facet normal 0 0 1
    outer loop
      vertex 11.491201682317849 -15.81628224003022 45
      vertex 12.461638999586887 -15.063533896266673 45
      vertex 7.774999999999998 -13.466695028848019 45
    endloop
  endfacet
  facet normal 0 0 1
    outer loop
      vertex 12.461638999586887 -15.063533896266673 45
      vertex 13.382895920905858 -14.251336666088596 45
      vertex 7.774999999999998 -13.466695028848019 45
    endloop
  endfacet
  facet normal 0 0 1
    outer loop
      vertex 13.382895920905858 -14.251336666088596 45
      vertex 14.251336666088596 -13.382895920905858 45
      vertex 7.774999999999998 -13.466695028848019 45
    endloop
  endfacet
  facet normal 0 0 1
    outer loop
      vertex 14.251336666088596 -13.382895920905858 45
      vertex 15.063533896266673 -12.461638999586887 45
      vertex 7.774999999999998 -13.466695028848019 45
    endloop
  endfacet
  facet normal 0 0 1
    outer loop
      vertex 15.063533896266673 -12.461638999586887 45
      vertex 15.81628224003022 -11.491201682317849 45
      vertex 7.774999999999998 -13.466695028848019 45
    endloop
  endfacet
  facet normal 0.8607420270039438 -0.509041415750371 0
    outer loop
      vertex 17.13179559485753 -9.418284328688534 0
      vertex 17.13179559485753 -9.418284328688534 45
      vertex 16.506610943564397 -10.475413841839375 45
    endloop
  endfacet
  facet normal 0.8910065241883677 -0.45399049973954714 0
    outer loop
      vertex 17.68936887571068 -8.323985150097165 0
      vertex 17.68936887571068 -8.323985150097165 45
      vertex 17.13179559485753 -9.418284328688534 45
    endloop
  endfacet
  facet normal 0.9177546256839813 -0.39714789063478034 0
    outer loop
      vertex 18.17713029911531 -7.196835004985461 0
      vertex 18.17713029911531 -7.196835004985461 45
      vertex 17.68936887571068 -8.323985150097165 45
    endloop
  endfacet
  facet normal 0.940880768954226 -0.3387379202452902 0
    outer loop
      vertex 18.593154893570247 -6.04128224003022 0
      vertex 18.593154893570247 -6.04128224003022 45
      vertex 18.17713029911531 -7.196835004985461 45
    endloop
  endfacet
  facet normal 0.9602936856769428 -0.2789911060392304 0
    outer loop
      vertex 18.935800800064737 -4.861887294072903 0
      vertex 18.935800800064737 -4.861887294072903 45
      vertex 18.593154893570247 -6.04128224003022 45
    endloop
  endfacet
  facet normal 0.9759167619387472 -0.2181432413965437 0
    outer loop
      vertex 19.20371575174586 -3.6633047001509196 0
      vertex 19.20371575174586 -3.6633047001509196 45
      vertex 18.935800800064737 -4.861887294072903 45
    endloop
  endfacet
  facet normal 0.9876883405951375 -0.15643446504023162 0
    outer loop
      vertex 19.39584241069804 -2.450264716182144 0
      vertex 19.39584241069804 -2.450264716182144 45
      vertex 19.20371575174586 -3.6633047001509196 45
    endloop
  endfacet
  facet normal 0.9955619646030801 -0.09410831331851345 0
    outer loop
      vertex 19.511422540772706 -1.227554656798084 0
      vertex 19.511422540772706 -1.227554656798084 45
      vertex 19.39584241069804 -2.450264716182144 45
    endloop
  endfacet
  facet normal 0.9995065603657315 -0.031410759078128084 -2.461069611181464e-20
    outer loop
      vertex 19.511422540772706 -1.227554656798084 45
      vertex 19.549999999999997 0 0
      vertex 19.549999999999997 0 45
    endloop
  endfacet
  facet normal 0 0 1
    outer loop
      vertex 15.81628224003022 -11.491201682317849 45
      vertex 15.549999999999999 0 45
      vertex 7.774999999999998 -13.466695028848019 45
    endloop
  endfacet
  facet normal 0 0 1
    outer loop
      vertex 15.81628224003022 -11.491201682317849 45
      vertex 16.506610943564397 -10.475413841839375 45
      vertex 15.81628224003022 11.491201682317849 45
    endloop
  endfacet
  facet normal 0 0 1
    outer loop
      vertex 16.506610943564397 -10.475413841839375 45
      vertex 17.13179559485753 -9.418284328688534 45
      vertex 16.506610943564393 10.475413841839384 45
    endloop
  endfacet
  facet normal 0 0 1
    outer loop
      vertex 17.13179559485753 -9.418284328688534 45
      vertex 17.68936887571068 -8.323985150097165 45
      vertex 17.13179559485753 9.418284328688534 45
    endloop
  endfacet
  facet normal 0 0 1
    outer loop
      vertex 17.68936887571068 -8.323985150097165 45
      vertex 18.17713029911531 -7.196835004985461 45
      vertex 17.68936887571068 8.323985150097169 45
    endloop
  endfacet
  facet normal 0 0 1
    outer loop
      vertex 18.17713029911531 -7.196835004985461 45
      vertex 18.593154893570247 -6.04128224003022 45
      vertex 18.177130299115312 7.196835004985453 45
    endloop
  endfacet
  facet normal 0 0 1
    outer loop
      vertex 18.593154893570247 -6.04128224003022 45
      vertex 18.935800800064737 -4.861887294072903 45
      vertex 18.593154893570247 6.04128224003022 45
    endloop
  endfacet
  facet normal 0 0 1
    outer loop
      vertex 18.935800800064737 -4.861887294072903 45
      vertex 19.20371575174586 -3.6633047001509196 45
      vertex 18.935800800064733 4.86188729407291 45
    endloop
  endfacet
  facet normal 0 0 1
    outer loop
      vertex 19.20371575174586 -3.6633047001509196 45
      vertex 19.39584241069804 -2.450264716182144 45
      vertex 19.20371575174586 3.663304700150916 45
    endloop
  endfacet
  facet normal 0 0 1
    outer loop
      vertex 19.39584241069804 -2.450264716182144 45
      vertex 19.511422540772706 -1.227554656798084 45
      vertex 19.39584241069804 2.450264716182148 45
    endloop
  endfacet
  facet normal 0 0 1
    outer loop
      vertex 19.511422540772706 -1.227554656798084 45
      vertex 19.549999999999997 0 45
      vertex 19.511422540772706 1.2275546567980762 45
    endloop
  endfacet
  facet normal 0 0 -1
    outer loop
      vertex 3.6633047001509196 -19.20371575174586 0
      vertex 3.2 0 0
      vertex 3.6633047001509147 19.20371575174586 0
    endloop
  endfacet
  facet normal 0 0 -1
    outer loop
      vertex 1.2275546567980744 19.511422540772706 0
      vertex 0.9888543819998317 3.0433808521444914 0
      vertex 0.7958076389275356 3.0994661156116194 0
    endloop
  endfacet
  facet normal 0 0 -1
    outer loop
      vertex 1.2275546567980744 19.511422540772706 0
      vertex 1.1779985685909693 2.975284754842405 0
      vertex 0.9888543819998317 3.0433808521444914 0
    endloop
  endfacet
  facet normal 0 0 -1
    outer loop
      vertex 1.2275546567980744 19.511422540772706 0
      vertex 0.2009296624938025 3.1936855309704693 0
      vertex 0 3.2 0
    endloop
  endfacet
  facet normal 0 0 -1
    outer loop
      vertex 1.2275546567980744 19.511422540772706 0
      vertex 0.40106634740577374 3.1747670442063294 0
      vertex 0.2009296624938025 3.1936855309704693 0
    endloop
  endfacet
  facet normal 0 0 -1
    outer loop
      vertex 1.2275546567980744 19.511422540772706 0
      vertex 0.5996202066743187 3.143319202331804 0
      vertex 0.40106634740577374 3.1747670442063294 0
    endloop
  endfacet
  facet normal 0 0 -1
    outer loop
      vertex 1.2275546567980744 19.511422540772706 0
      vertex 0.7958076389275356 3.0994661156116194 0
      vertex 0.5996202066743187 3.143319202331804 0
    endloop
  endfacet
  facet normal 0 0 -1
    outer loop
      vertex 2.4502647161821485 19.39584241069804 0
      vertex 1.3624937330082327 2.8954465678912626 0
      vertex 1.1779985685909693 2.975284754842405 0
    endloop
  endfacet
  facet normal 0 0 -1
    outer loop
      vertex 2.4502647161821485 19.39584241069804 0
      vertex 1.5416117571254888 2.8041813761403636 0
      vertex 1.3624937330082327 2.8954465678912626 0
    endloop
  endfacet
  facet normal 0 0 -1
    outer loop
      vertex 2.4502647161821485 19.39584241069804 0
      vertex 1.880912807335914 2.588854381999832 0
      vertex 1.7146457439327893 2.7018493616064485 0
    endloop
  endfacet
  facet normal 0 0 -1
    outer loop
      vertex 2.4502647161821485 19.39584241069804 0
      vertex 2.0397567671958075 2.4656423768825255 0
      vertex 1.880912807335914 2.588854381999832 0
    endloop
  endfacet
  facet normal 0 0 -1
    outer loop
      vertex 2.4502647161821485 19.39584241069804 0
      vertex 1.7146457439327893 2.7018493616064485 0
      vertex 1.5416117571254888 2.8041813761403636 0
    endloop
  endfacet
  facet normal 0 0 -1
    outer loop
      vertex 2.4502647161821485 19.39584241069804 0
      vertex 2.190550738971804 2.332699607748517 0
      vertex 2.0397567671958075 2.4656423768825255 0
    endloop
  endfacet
  facet normal 0 0 -1
    outer loop
      vertex 2.4502647161821485 19.39584241069804 0
      vertex 2.332699607748517 2.190550738971804 0
      vertex 2.190550738971804 2.332699607748517 0
    endloop
  endfacet
  facet normal 0 0 -1
    outer loop
      vertex 3.6633047001509147 19.20371575174586 0
      vertex 3.2 0 0
      vertex 3.1936855309704693 0.2009296624938028 0
    endloop
  endfacet
  facet normal 0 0 -1
    outer loop
      vertex 3.6633047001509147 19.20371575174586 0
      vertex 3.1936855309704693 0.2009296624938028 0
      vertex 3.1747670442063294 0.4010663474057736 0
    endloop
  endfacet
  facet normal 0 0 -1
    outer loop
      vertex 3.6633047001509147 19.20371575174586 0
      vertex 3.1747670442063294 0.4010663474057736 0
      vertex 3.143319202331804 0.5996202066743188 0
    endloop
  endfacet
  facet normal 0 0 -1
    outer loop
      vertex 3.6633047001509147 19.20371575174586 0
      vertex 3.143319202331804 0.5996202066743188 0
      vertex 3.0994661156116194 0.7958076389275354 0
    endloop
  endfacet
  facet normal 0 0 -1
    outer loop
      vertex 3.6633047001509147 19.20371575174586 0
      vertex 3.0994661156116194 0.7958076389275354 0
      vertex 3.0433808521444914 0.9888543819998317 0
    endloop
  endfacet
  facet normal 0 0 -1
    outer loop
      vertex 3.6633047001509147 19.20371575174586 0
      vertex 2.9752847548424044 1.1779985685909695 0
      vertex 2.8954465678912626 1.3624937330082325 0
    endloop
  endfacet
  facet normal 0 0 -1
    outer loop
      vertex 3.6633047001509147 19.20371575174586 0
      vertex 3.0433808521444914 0.9888543819998317 0
      vertex 2.9752847548424044 1.1779985685909695 0
    endloop
  endfacet
  facet normal 0 0 -1
    outer loop
      vertex 3.6633047001509196 -19.20371575174586 0
      vertex 3.6633047001509147 19.20371575174586 0
      vertex 4.861887294072911 18.935800800064733 0
    endloop
  endfacet
  facet normal 0 0 -1
    outer loop
      vertex 3.6633047001509147 19.20371575174586 0
      vertex 2.7018493616064485 1.7146457439327893 0
      vertex 2.588854381999832 1.880912807335914 0
    endloop
  endfacet
  facet normal 0 0 -1
    outer loop
      vertex 3.6633047001509147 19.20371575174586 0
      vertex 2.4656423768825255 2.0397567671958075 0
      vertex 2.332699607748517 2.190550738971804 0
    endloop
  endfacet
  facet normal 0 0 -1
    outer loop
      vertex 3.6633047001509147 19.20371575174586 0
      vertex 2.588854381999832 1.880912807335914 0
      vertex 2.4656423768825255 2.0397567671958075 0
    endloop
  endfacet
  facet normal 0 0 -1
    outer loop
      vertex 3.6633047001509147 19.20371575174586 0
      vertex 2.8954465678912626 1.3624937330082325 0
      vertex 2.8041813761403636 1.541611757125489 0
    endloop
  endfacet
  facet normal 0 0 -1
    outer loop
      vertex 3.6633047001509147 19.20371575174586 0
      vertex 2.8041813761403636 1.541611757125489 0
      vertex 2.7018493616064485 1.7146457439327893 0
    endloop
  endfacet
  facet normal 0 0 -1
    outer loop
      vertex 4.861887294072903 -18.935800800064737 0
      vertex 4.861887294072911 18.935800800064733 0
      vertex 6.04128224003022 18.593154893570247 0
    endloop
  endfacet
  facet normal 0 0 -1
    outer loop
      vertex 6.04128224003022 -18.593154893570247 0
      vertex 6.04128224003022 18.593154893570247 0
      vertex 7.196835004985451 18.177130299115312 0
    endloop
  endfacet
  facet normal 0 0 -1
    outer loop
      vertex 7.196835004985461 -18.17713029911531 0
      vertex 7.196835004985451 18.177130299115312 0
      vertex 8.32398515009717 17.689368875710677 0
    endloop
  endfacet
  facet normal 0 0 -1
    outer loop
      vertex 8.323985150097165 -17.68936887571068 0
      vertex 8.32398515009717 17.689368875710677 0
      vertex 9.41828432868853 17.13179559485753 0
    endloop
  endfacet
  facet normal 0 0 -1
    outer loop
      vertex 9.418284328688534 -17.13179559485753 0
      vertex 9.41828432868853 17.13179559485753 0
      vertex 10.475413841839384 16.506610943564393 0
    endloop
  endfacet
  facet normal 0 0 -1
    outer loop
      vertex 0 19.549999999999997 0
      vertex 1.2275546567980744 19.511422540772706 0
      vertex 0 3.2 0
    endloop
  endfacet
  facet normal 0 0 -1
    outer loop
      vertex 1.2275546567980744 19.511422540772706 0
      vertex 2.4502647161821485 19.39584241069804 0
      vertex 1.1779985685909693 2.975284754842405 0
    endloop
  endfacet
  facet normal 0 0 -1
    outer loop
      vertex 2.4502647161821485 19.39584241069804 0
      vertex 3.6633047001509147 19.20371575174586 0
      vertex 2.332699607748517 2.190550738971804 0
    endloop
  endfacet
  facet normal 0.03141075907812833 0.9995065603657315 0
    outer loop
      vertex 0 19.549999999999997 0
      vertex 0 19.549999999999997 45
      vertex 1.2275546567980744 19.511422540772706 0
    endloop
  endfacet
  facet normal 0.09410831331851238 0.9955619646030802 0
    outer loop
      vertex 1.2275546567980744 19.511422540772706 0
      vertex 1.2275546567980744 19.511422540772706 45
      vertex 2.4502647161821485 19.39584241069804 0
    endloop
  endfacet
  facet normal 0.1564344650402328 0.9876883405951374 0
    outer loop
      vertex 2.4502647161821485 19.39584241069804 0
      vertex 2.4502647161821485 19.39584241069804 45
      vertex 3.6633047001509147 19.20371575174586 0
    endloop
  endfacet
  facet normal 0.2181432413965442 0.9759167619387471 0
    outer loop
      vertex 3.6633047001509147 19.20371575174586 0
      vertex 3.6633047001509147 19.20371575174586 45
      vertex 4.861887294072911 18.935800800064733 0
    endloop
  endfacet
  facet normal 0.27899110603922944 0.9602936856769431 0
    outer loop
      vertex 4.861887294072911 18.935800800064733 0
      vertex 4.861887294072911 18.935800800064733 45
      vertex 6.04128224003022 18.593154893570247 0
    endloop
  endfacet
  facet normal 0.3387379202452901 0.9408807689542259 0
    outer loop
      vertex 6.04128224003022 18.593154893570247 0
      vertex 6.04128224003022 18.593154893570247 45
      vertex 7.196835004985451 18.177130299115312 0
    endloop
  endfacet
  facet normal 0.5090414157503688 0.8607420270039452 0
    outer loop
      vertex 9.41828432868853 17.13179559485753 0
      vertex 9.41828432868853 17.13179559485753 45
      vertex 10.475413841839384 16.506610943564393 0
    endloop
  endfacet
  facet normal 0.3971478906347808 0.917754625683981 0
    outer loop
      vertex 7.196835004985451 18.177130299115312 0
      vertex 7.196835004985451 18.177130299115312 45
      vertex 8.32398515009717 17.689368875710677 0
    endloop
  endfacet
  facet normal 0.4539904997395478 0.8910065241883672 0
    outer loop
      vertex 8.32398515009717 17.689368875710677 0
      vertex 8.32398515009717 17.689368875710677 45
      vertex 9.41828432868853 17.13179559485753 0
    endloop
  endfacet
  facet normal 0 0 -1
    outer loop
      vertex 12.461638999586887 -15.063533896266673 0
      vertex 12.461638999586883 15.063533896266675 0
      vertex 13.382895920905863 14.251336666088594 0
    endloop
  endfacet
  facet normal 0 0 -1
    outer loop
      vertex 13.382895920905858 -14.251336666088596 0
      vertex 13.382895920905863 14.251336666088594 0
      vertex 14.251336666088594 13.382895920905863 0
    endloop
  endfacet
  facet normal 0 0 -1
    outer loop
      vertex 14.251336666088596 -13.382895920905858 0
      vertex 14.251336666088594 13.382895920905863 0
      vertex 15.063533896266675 12.461638999586883 0
    endloop
  endfacet
  facet normal 0 0 -1
    outer loop
      vertex 10.475413841839375 -16.506610943564397 0
      vertex 10.475413841839384 16.506610943564393 0
      vertex 11.491201682317849 15.81628224003022 0
    endloop
  endfacet
  facet normal 0 0 -1
    outer loop
      vertex 11.491201682317849 -15.81628224003022 0
      vertex 11.491201682317849 15.81628224003022 0
      vertex 12.461638999586883 15.063533896266675 0
    endloop
  endfacet
  facet normal 0 0 -1
    outer loop
      vertex 15.063533896266673 -12.461638999586887 0
      vertex 15.063533896266675 12.461638999586883 0
      vertex 15.81628224003022 11.491201682317849 0
    endloop
  endfacet
  facet normal 0 0 -1
    outer loop
      vertex 15.81628224003022 -11.491201682317849 0
      vertex 15.81628224003022 11.491201682317849 0
      vertex 16.506610943564393 10.475413841839384 0
    endloop
  endfacet
  facet normal 0 0 -1
    outer loop
      vertex 16.506610943564397 -10.475413841839375 0
      vertex 16.506610943564393 10.475413841839384 0
      vertex 17.13179559485753 9.418284328688534 0
    endloop
  endfacet
  facet normal 0 0 -1
    outer loop
      vertex 17.68936887571068 -8.323985150097165 0
      vertex 17.68936887571068 8.323985150097169 0
      vertex 18.177130299115312 7.196835004985453 0
    endloop
  endfacet
  facet normal 0 0 -1
    outer loop
      vertex 18.17713029911531 -7.196835004985461 0
      vertex 18.177130299115312 7.196835004985453 0
      vertex 18.593154893570247 6.04128224003022 0
    endloop
  endfacet
  facet normal 0 0 -1
    outer loop
      vertex 19.39584241069804 -2.450264716182144 0
      vertex 19.39584241069804 2.450264716182148 0
      vertex 19.511422540772706 1.2275546567980762 0
    endloop
  endfacet
  facet normal 0 0 -1
    outer loop
      vertex 18.935800800064737 -4.861887294072903 0
      vertex 18.935800800064733 4.86188729407291 0
      vertex 19.20371575174586 3.663304700150916 0
    endloop
  endfacet
  facet normal 0 0 -1
    outer loop
      vertex 19.20371575174586 -3.6633047001509196 0
      vertex 19.20371575174586 3.663304700150916 0
      vertex 19.39584241069804 2.450264716182148 0
    endloop
  endfacet
  facet normal 0 0 -1
    outer loop
      vertex 18.593154893570247 -6.04128224003022 0
      vertex 18.593154893570247 6.04128224003022 0
      vertex 18.935800800064733 4.86188729407291 0
    endloop
  endfacet
  facet normal 0 0 -1
    outer loop
      vertex 17.13179559485753 -9.418284328688534 0
      vertex 17.13179559485753 9.418284328688534 0
      vertex 17.68936887571068 8.323985150097169 0
    endloop
  endfacet
  facet normal 0.9995065603657315 0.031410759078128285 0
    outer loop
      vertex 19.549999999999997 0 0
      vertex 19.511422540772706 1.2275546567980762 0
      vertex 19.549999999999997 0 45
    endloop
  endfacet
  facet normal 0.9955619646030801 0.09410831331851253 0
    outer loop
      vertex 19.511422540772706 1.2275546567980762 0
      vertex 19.39584241069804 2.450264716182148 0
      vertex 19.511422540772706 1.2275546567980762 45
    endloop
  endfacet
  facet normal 0.9876883405951375 0.1564344650402326 0
    outer loop
      vertex 19.39584241069804 2.450264716182148 0
      vertex 19.20371575174586 3.663304700150916 0
      vertex 19.39584241069804 2.450264716182148 45
    endloop
  endfacet
  facet normal 0.9759167619387469 0.21814324139654456 0
    outer loop
      vertex 19.20371575174586 3.663304700150916 0
      vertex 18.935800800064733 4.86188729407291 0
      vertex 19.20371575174586 3.663304700150916 45
    endloop
  endfacet
  facet normal 0.8607420270039444 0.5090414157503701 0
    outer loop
      vertex 17.13179559485753 9.418284328688534 0
      vertex 16.506610943564393 10.475413841839384 0
      vertex 17.13179559485753 9.418284328688534 45
    endloop
  endfacet
  facet normal 0.9602936856769431 0.2789911060392293 0
    outer loop
      vertex 18.935800800064733 4.86188729407291 0
      vertex 18.593154893570247 6.04128224003022 0
      vertex 18.935800800064733 4.86188729407291 45
    endloop
  endfacet
  facet normal 0.9408807689542261 0.33873792024528965 1.4609638835192267e-19
    outer loop
      vertex 18.177130299115312 7.196835004985453 0
      vertex 18.593154893570247 6.04128224003022 45
      vertex 18.593154893570247 6.04128224003022 0
    endloop
  endfacet
  facet normal 0.9177546256839817 0.39714789063477934 0
    outer loop
      vertex 18.177130299115312 7.196835004985453 0
      vertex 17.68936887571068 8.323985150097169 0
      vertex 18.177130299115312 7.196835004985453 45
    endloop
  endfacet
  facet normal 0.8910065241883671 0.45399049973954836 0
    outer loop
      vertex 17.68936887571068 8.323985150097169 0
      vertex 17.13179559485753 9.418284328688534 0
      vertex 17.68936887571068 8.323985150097169 45
    endloop
  endfacet
  facet normal 0.7071067811865475 0.7071067811865475 1.1510776327708908e-19
    outer loop
      vertex 13.382895920905863 14.251336666088594 0
      vertex 14.251336666088594 13.382895920905863 45
      vertex 14.251336666088594 13.382895920905863 0
    endloop
  endfacet
  facet normal 0.5620833778521307 0.8270805742745618 0
    outer loop
      vertex 10.475413841839384 16.506610943564393 0
      vertex 10.475413841839384 16.506610943564393 45
      vertex 11.491201682317849 15.81628224003022 0
    endloop
  endfacet
  facet normal 0.612907053652978 0.7901550123756892 0
    outer loop
      vertex 11.491201682317849 15.81628224003022 0
      vertex 11.491201682317849 15.81628224003022 45
      vertex 12.461638999586883 15.063533896266675 0
    endloop
  endfacet
  facet normal 0.66131186532365 0.750111069630461 -1.366714773274365e-19
    outer loop
      vertex 13.382895920905863 14.251336666088594 0
      vertex 12.461638999586883 15.063533896266675 0
      vertex 12.461638999586883 15.063533896266675 45
    endloop
  endfacet
  facet normal 0.7901550123756892 0.612907053652978 0
    outer loop
      vertex 15.81628224003022 11.491201682317849 0
      vertex 15.063533896266675 12.461638999586883 0
      vertex 15.81628224003022 11.491201682317849 45
    endloop
  endfacet
  facet normal 0.8270805742745618 0.5620833778521307 5.503035500030314e-20
    outer loop
      vertex 15.81628224003022 11.491201682317849 0
      vertex 16.506610943564393 10.475413841839384 45
      vertex 16.506610943564393 10.475413841839384 0
    endloop
  endfacet
  facet normal 0.750111069630461 0.66131186532365 -1.366714773274365e-19
    outer loop
      vertex 14.251336666088594 13.382895920905863 0
      vertex 15.063533896266675 12.461638999586883 45
      vertex 15.063533896266675 12.461638999586883 0
    endloop
  endfacet
  facet normal 0.03141075907812833 0.9995065603657315 0
    outer loop
      vertex 1.2275546567980744 19.511422540772706 0
      vertex 0 19.549999999999997 45
      vertex 1.2275546567980744 19.511422540772706 45
    endloop
  endfacet
  facet normal 0.09410831331851238 0.9955619646030802 0
    outer loop
      vertex 2.4502647161821485 19.39584241069804 0
      vertex 1.2275546567980744 19.511422540772706 45
      vertex 2.4502647161821485 19.39584241069804 45
    endloop
  endfacet
  facet normal 0.1564344650402328 0.9876883405951374 0
    outer loop
      vertex 3.6633047001509147 19.20371575174586 0
      vertex 2.4502647161821485 19.39584241069804 45
      vertex 3.6633047001509147 19.20371575174586 45
    endloop
  endfacet
  facet normal 0.2181432413965442 0.9759167619387471 0
    outer loop
      vertex 4.861887294072911 18.935800800064733 0
      vertex 3.6633047001509147 19.20371575174586 45
      vertex 4.861887294072911 18.935800800064733 45
    endloop
  endfacet
  facet normal 0.27899110603922944 0.9602936856769431 0
    outer loop
      vertex 6.04128224003022 18.593154893570247 0
      vertex 4.861887294072911 18.935800800064733 45
      vertex 6.04128224003022 18.593154893570247 45
    endloop
  endfacet
  facet normal 0.3387379202452901 0.9408807689542259 0
    outer loop
      vertex 7.196835004985451 18.177130299115312 0
      vertex 6.04128224003022 18.593154893570247 45
      vertex 7.196835004985451 18.177130299115312 45
    endloop
  endfacet
  facet normal 0.3971478906347808 0.917754625683981 0
    outer loop
      vertex 8.32398515009717 17.689368875710677 0
      vertex 7.196835004985451 18.177130299115312 45
      vertex 8.32398515009717 17.689368875710677 45
    endloop
  endfacet
  facet normal 0.4539904997395478 0.8910065241883672 0
    outer loop
      vertex 9.41828432868853 17.13179559485753 0
      vertex 8.32398515009717 17.689368875710677 45
      vertex 9.41828432868853 17.13179559485753 45
    endloop
  endfacet
  facet normal 0 0 1
    outer loop
      vertex -3.6633047001509147 19.20371575174586 45
      vertex 7.7749999999999995 13.466695028848019 45
      vertex -2.4502647161821485 19.39584241069804 45
    endloop
  endfacet
  facet normal 0 0 1
    outer loop
      vertex -2.4502647161821485 19.39584241069804 45
      vertex 7.7749999999999995 13.466695028848019 45
      vertex -1.2275546567980744 19.511422540772706 45
    endloop
  endfacet
  facet normal 0 0 1
    outer loop
      vertex -1.2275546567980744 19.511422540772706 45
      vertex 7.7749999999999995 13.466695028848019 45
      vertex 0 19.549999999999997 45
    endloop
  endfacet
  facet normal 0 0 1
    outer loop
      vertex 0 19.549999999999997 45
      vertex 7.7749999999999995 13.466695028848019 45
      vertex 1.2275546567980744 19.511422540772706 45
    endloop
  endfacet
  facet normal 0 0 1
    outer loop
      vertex 1.2275546567980744 19.511422540772706 45
      vertex 7.7749999999999995 13.466695028848019 45
      vertex 2.4502647161821485 19.39584241069804 45
    endloop
  endfacet
  facet normal 0 0 1
    outer loop
      vertex 2.4502647161821485 19.39584241069804 45
      vertex 7.7749999999999995 13.466695028848019 45
      vertex 3.6633047001509147 19.20371575174586 45
    endloop
  endfacet
  facet normal 0 0 1
    outer loop
      vertex 4.861887294072911 18.935800800064733 45
      vertex 7.7749999999999995 13.466695028848019 45
      vertex 6.04128224003022 18.593154893570247 45
    endloop
  endfacet
  facet normal 0 0 1
    outer loop
      vertex 6.04128224003022 18.593154893570247 45
      vertex 7.7749999999999995 13.466695028848019 45
      vertex 7.196835004985451 18.177130299115312 45
    endloop
  endfacet
  facet normal 0 0 1
    outer loop
      vertex 3.6633047001509147 19.20371575174586 45
      vertex 7.7749999999999995 13.466695028848019 45
      vertex 4.861887294072911 18.935800800064733 45
    endloop
  endfacet
  facet normal 0 0 1
    outer loop
      vertex 7.196835004985451 18.177130299115312 45
      vertex 7.7749999999999995 13.466695028848019 45
      vertex 8.32398515009717 17.689368875710677 45
    endloop
  endfacet
  facet normal 0.9995065603657315 0.031410759078128285 0
    outer loop
      vertex 19.511422540772706 1.2275546567980762 0
      vertex 19.511422540772706 1.2275546567980762 45
      vertex 19.549999999999997 0 45
    endloop
  endfacet
  facet normal 0.9955619646030801 0.09410831331851253 0
    outer loop
      vertex 19.39584241069804 2.450264716182148 0
      vertex 19.39584241069804 2.450264716182148 45
      vertex 19.511422540772706 1.2275546567980762 45
    endloop
  endfacet
  facet normal 0.9876883405951375 0.1564344650402326 0
    outer loop
      vertex 19.20371575174586 3.663304700150916 0
      vertex 19.20371575174586 3.663304700150916 45
      vertex 19.39584241069804 2.450264716182148 45
    endloop
  endfacet
  facet normal 0.9759167619387469 0.21814324139654456 0
    outer loop
      vertex 18.935800800064733 4.86188729407291 0
      vertex 18.935800800064733 4.86188729407291 45
      vertex 19.20371575174586 3.663304700150916 45
    endloop
  endfacet
  facet normal 0.9408807689542261 0.33873792024528965 0
    outer loop
      vertex 18.177130299115312 7.196835004985453 0
      vertex 18.177130299115312 7.196835004985453 45
      vertex 18.593154893570247 6.04128224003022 45
    endloop
  endfacet
  facet normal 0.9602936856769431 0.2789911060392293 0
    outer loop
      vertex 18.593154893570247 6.04128224003022 0
      vertex 18.593154893570247 6.04128224003022 45
      vertex 18.935800800064733 4.86188729407291 45
    endloop
  endfacet
  facet normal 0.9177546256839817 0.39714789063477934 0
    outer loop
      vertex 17.68936887571068 8.323985150097169 0
      vertex 17.68936887571068 8.323985150097169 45
      vertex 18.177130299115312 7.196835004985453 45
    endloop
  endfacet
  facet normal 0.8910065241883671 0.45399049973954836 0
    outer loop
      vertex 17.13179559485753 9.418284328688534 0
      vertex 17.13179559485753 9.418284328688534 45
      vertex 17.68936887571068 8.323985150097169 45
    endloop
  endfacet
  facet normal 0 0 1
    outer loop
      vertex 13.382895920905863 14.251336666088594 45
      vertex 12.461638999586883 15.063533896266675 45
      vertex 15.549999999999999 0 45
    endloop
  endfacet
  facet normal 0 0 1
    outer loop
      vertex 13.382895920905863 14.251336666088594 45
      vertex 15.549999999999999 0 45
      vertex 14.251336666088594 13.382895920905863 45
    endloop
  endfacet
  facet normal 0 0 1
    outer loop
      vertex 15.81628224003022 -11.491201682317849 45
      vertex 15.81628224003022 11.491201682317849 45
      vertex 15.549999999999999 0 45
    endloop
  endfacet
  facet normal 0 0 1
    outer loop
      vertex 17.13179559485753 -9.418284328688534 45
      vertex 17.13179559485753 9.418284328688534 45
      vertex 16.506610943564393 10.475413841839384 45
    endloop
  endfacet
  facet normal 0 0 1
    outer loop
      vertex 16.506610943564397 -10.475413841839375 45
      vertex 16.506610943564393 10.475413841839384 45
      vertex 15.81628224003022 11.491201682317849 45
    endloop
  endfacet
  facet normal 0 0 1
    outer loop
      vertex 19.511422540772706 -1.227554656798084 45
      vertex 19.511422540772706 1.2275546567980762 45
      vertex 19.39584241069804 2.450264716182148 45
    endloop
  endfacet
  facet normal 0 0 1
    outer loop
      vertex 19.39584241069804 -2.450264716182144 45
      vertex 19.39584241069804 2.450264716182148 45
      vertex 19.20371575174586 3.663304700150916 45
    endloop
  endfacet
  facet normal 0 0 1
    outer loop
      vertex 18.593154893570247 -6.04128224003022 45
      vertex 18.593154893570247 6.04128224003022 45
      vertex 18.177130299115312 7.196835004985453 45
    endloop
  endfacet
  facet normal 0 0 1
    outer loop
      vertex 18.935800800064737 -4.861887294072903 45
      vertex 18.935800800064733 4.86188729407291 45
      vertex 18.593154893570247 6.04128224003022 45
    endloop
  endfacet
  facet normal 0 0 1
    outer loop
      vertex 19.20371575174586 -3.6633047001509196 45
      vertex 19.20371575174586 3.663304700150916 45
      vertex 18.935800800064733 4.86188729407291 45
    endloop
  endfacet
  facet normal 0 0 1
    outer loop
      vertex 17.68936887571068 -8.323985150097165 45
      vertex 17.68936887571068 8.323985150097169 45
      vertex 17.13179559485753 9.418284328688534 45
    endloop
  endfacet
  facet normal 0 0 1
    outer loop
      vertex 18.17713029911531 -7.196835004985461 45
      vertex 18.177130299115312 7.196835004985453 45
      vertex 17.68936887571068 8.323985150097169 45
    endloop
  endfacet
  facet normal 0 0 1
    outer loop
      vertex 15.81628224003022 11.491201682317849 45
      vertex 15.063533896266675 12.461638999586883 45
      vertex 15.549999999999999 0 45
    endloop
  endfacet
  facet normal 0 0 1
    outer loop
      vertex 14.251336666088594 13.382895920905863 45
      vertex 15.549999999999999 0 45
      vertex 15.063533896266675 12.461638999586883 45
    endloop
  endfacet
  facet normal 0.66131186532365 0.750111069630461 0
    outer loop
      vertex 13.382895920905863 14.251336666088594 0
      vertex 12.461638999586883 15.063533896266675 45
      vertex 13.382895920905863 14.251336666088594 45
    endloop
  endfacet
  facet normal 0.750111069630461 0.66131186532365 0
    outer loop
      vertex 14.251336666088594 13.382895920905863 0
      vertex 14.251336666088594 13.382895920905863 45
      vertex 15.063533896266675 12.461638999586883 45
    endloop
  endfacet
  facet normal 0.7071067811865475 0.7071067811865475 0
    outer loop
      vertex 13.382895920905863 14.251336666088594 0
      vertex 13.382895920905863 14.251336666088594 45
      vertex 14.251336666088594 13.382895920905863 45
    endloop
  endfacet
  facet normal 0.5090414157503688 0.8607420270039452 0
    outer loop
      vertex 10.475413841839384 16.506610943564393 0
      vertex 9.41828432868853 17.13179559485753 45
      vertex 10.475413841839384 16.506610943564393 45
    endloop
  endfacet
  facet normal 0.612907053652978 0.7901550123756892 0
    outer loop
      vertex 12.461638999586883 15.063533896266675 0
      vertex 11.491201682317849 15.81628224003022 45
      vertex 12.461638999586883 15.063533896266675 45
    endloop
  endfacet
  facet normal 0.5620833778521307 0.8270805742745618 0
    outer loop
      vertex 11.491201682317849 15.81628224003022 0
      vertex 10.475413841839384 16.506610943564393 45
      vertex 11.491201682317849 15.81628224003022 45
    endloop
  endfacet
  facet normal 0.7901550123756892 0.612907053652978 0
    outer loop
      vertex 15.063533896266675 12.461638999586883 0
      vertex 15.063533896266675 12.461638999586883 45
      vertex 15.81628224003022 11.491201682317849 45
    endloop
  endfacet
  facet normal 0.8607420270039444 0.5090414157503701 0
    outer loop
      vertex 16.506610943564393 10.475413841839384 0
      vertex 16.506610943564393 10.475413841839384 45
      vertex 17.13179559485753 9.418284328688534 45
    endloop
  endfacet
  facet normal 0.8270805742745618 0.5620833778521307 0
    outer loop
      vertex 15.81628224003022 11.491201682317849 0
      vertex 15.81628224003022 11.491201682317849 45
      vertex 16.506610943564393 10.475413841839384 45
    endloop
  endfacet
  facet normal 0 0 1
    outer loop
      vertex 8.32398515009717 17.689368875710677 45
      vertex 7.7749999999999995 13.466695028848019 45
      vertex 15.549999999999999 0 45
    endloop
  endfacet
  facet normal 0 0 1
    outer loop
      vertex 8.32398515009717 17.689368875710677 45
      vertex 15.549999999999999 0 45
      vertex 9.41828432868853 17.13179559485753 45
    endloop
  endfacet
  facet normal 0 0 1
    outer loop
      vertex 9.41828432868853 17.13179559485753 45
      vertex 15.549999999999999 0 45
      vertex 10.475413841839384 16.506610943564393 45
    endloop
  endfacet
  facet normal 0 0 1
    outer loop
      vertex 10.475413841839384 16.506610943564393 45
      vertex 15.549999999999999 0 45
      vertex 11.491201682317849 15.81628224003022 45
    endloop
  endfacet
  facet normal 0 0 1
    outer loop
      vertex 11.491201682317849 15.81628224003022 45
      vertex 15.549999999999999 0 45
      vertex 12.461638999586883 15.063533896266675 45
    endloop
  endfacet
  facet normal 0.7901550123756902 0.6129070536529768 0
    outer loop
      vertex -2.588854381999832 -1.880912807335914 22
      vertex -2.465642376882526 -2.039756767195807 0
      vertex -2.588854381999832 -1.880912807335914 0
    endloop
  endfacet
  facet normal 0.8607420270039438 0.5090414157503711 0
    outer loop
      vertex -2.804181376140363 -1.5416117571254893 22
      vertex -2.701849361606448 -1.7146457439327893 0
      vertex -2.804181376140363 -1.5416117571254893 0
    endloop
  endfacet
  facet normal 0.9177546256839805 0.3971478906347823 0
    outer loop
      vertex -2.975284754842405 -1.1779985685909693 22
      vertex -2.8954465678912626 -1.3624937330082318 0
      vertex -2.975284754842405 -1.1779985685909693 0
    endloop
  endfacet
  facet normal 0.8910065241883679 0.45399049973954686 0
    outer loop
      vertex -2.8954465678912626 -1.3624937330082318 22
      vertex -2.804181376140363 -1.5416117571254893 0
      vertex -2.8954465678912626 -1.3624937330082318 0
    endloop
  endfacet
  facet normal 0.827080574274563 0.5620833778521288 0
    outer loop
      vertex -2.701849361606448 -1.7146457439327893 22
      vertex -2.588854381999832 -1.880912807335914 0
      vertex -2.701849361606448 -1.7146457439327893 0
    endloop
  endfacet
  facet normal 0.9602936856769431 0.2789911060392293 0
    outer loop
      vertex -3.0994661156116194 -0.7958076389275356 22
      vertex -3.0433808521444914 -0.9888543819998317 0
      vertex -3.0994661156116194 -0.7958076389275356 0
    endloop
  endfacet
  facet normal 0.9759167619387472 0.2181432413965434 0
    outer loop
      vertex -3.1433192023318037 -0.5996202066743195 22
      vertex -3.0994661156116194 -0.7958076389275356 0
      vertex -3.1433192023318037 -0.5996202066743195 0
    endloop
  endfacet
  facet normal 0.9876883405951375 0.1564344650402317 0
    outer loop
      vertex -3.1747670442063294 -0.401066347405773 22
      vertex -3.1433192023318037 -0.5996202066743195 0
      vertex -3.1747670442063294 -0.401066347405773 0
    endloop
  endfacet
  facet normal 0.99556196460308 0.09410831331851413 0
    outer loop
      vertex -3.1936855309704693 -0.2009296624938025 22
      vertex -3.1747670442063294 -0.401066347405773 0
      vertex -3.1936855309704693 -0.2009296624938025 0
    endloop
  endfacet
  facet normal 0.9995065603657315 0.031410759078127945 0
    outer loop
      vertex -3.2 0 22
      vertex -3.1936855309704693 -0.2009296624938025 0
      vertex -3.2 0 0
    endloop
  endfacet
  facet normal 0.9408807689542259 0.33873792024528976 0
    outer loop
      vertex -3.0433808521444914 -0.9888543819998317 22
      vertex -2.975284754842405 -1.1779985685909693 0
      vertex -3.0433808521444914 -0.9888543819998317 0
    endloop
  endfacet
  facet normal 0.6129070536529768 0.7901550123756902 0
    outer loop
      vertex -2.039756767195807 -2.465642376882526 22
      vertex -1.880912807335914 -2.588854381999832 0
      vertex -2.039756767195807 -2.465642376882526 0
    endloop
  endfacet
  facet normal 0.5620833778521288 0.827080574274563 0
    outer loop
      vertex -1.880912807335914 -2.588854381999832 22
      vertex -1.7146457439327893 -2.701849361606448 0
      vertex -1.880912807335914 -2.588854381999832 0
    endloop
  endfacet
  facet normal 0.5090414157503711 0.8607420270039438 0
    outer loop
      vertex -1.7146457439327893 -2.701849361606448 22
      vertex -1.5416117571254893 -2.804181376140363 0
      vertex -1.7146457439327893 -2.701849361606448 0
    endloop
  endfacet
  facet normal 0.45399049973954686 0.8910065241883679 0
    outer loop
      vertex -1.5416117571254893 -2.804181376140363 22
      vertex -1.3624937330082318 -2.8954465678912626 0
      vertex -1.5416117571254893 -2.804181376140363 0
    endloop
  endfacet
  facet normal 0.3971478906347823 0.9177546256839805 0
    outer loop
      vertex -1.3624937330082318 -2.8954465678912626 22
      vertex -1.1779985685909693 -2.975284754842405 0
      vertex -1.3624937330082318 -2.8954465678912626 0
    endloop
  endfacet
  facet normal 0.2789911060392293 0.9602936856769431 0
    outer loop
      vertex -0.9888543819998317 -3.0433808521444914 22
      vertex -0.7958076389275356 -3.0994661156116194 0
      vertex -0.9888543819998317 -3.0433808521444914 0
    endloop
  endfacet
  facet normal 0.2181432413965434 0.9759167619387472 0
    outer loop
      vertex -0.7958076389275356 -3.0994661156116194 22
      vertex -0.5996202066743195 -3.1433192023318037 0
      vertex -0.7958076389275356 -3.0994661156116194 0
    endloop
  endfacet
  facet normal 0.33873792024528976 0.9408807689542259 0
    outer loop
      vertex -1.1779985685909693 -2.975284754842405 22
      vertex -0.9888543819998317 -3.0433808521444914 0
      vertex -1.1779985685909693 -2.975284754842405 0
    endloop
  endfacet
  facet normal 0.1564344650402317 0.9876883405951375 0
    outer loop
      vertex -0.5996202066743195 -3.1433192023318037 22
      vertex -0.401066347405773 -3.1747670442063294 0
      vertex -0.5996202066743195 -3.1433192023318037 0
    endloop
  endfacet
  facet normal 0.09410831331851485 0.99556196460308 0
    outer loop
      vertex -0.401066347405773 -3.1747670442063294 22
      vertex -0.20092966249380406 -3.1936855309704693 0
      vertex -0.401066347405773 -3.1747670442063294 0
    endloop
  endfacet
  facet normal 0.0314107590781277 0.9995065603657315 0
    outer loop
      vertex -0.20092966249380406 -3.1936855309704693 22
      vertex 0 -3.2 0
      vertex -0.20092966249380406 -3.1936855309704693 0
    endloop
  endfacet
  facet normal 0.661311865323652 0.7501110696304594 0
    outer loop
      vertex -2.1905507389718033 -2.3326996077485176 22
      vertex -2.039756767195807 -2.465642376882526 0
      vertex -2.1905507389718033 -2.3326996077485176 0
    endloop
  endfacet
  facet normal 0.7071067811865475 0.7071067811865475 0
    outer loop
      vertex -2.3326996077485176 -2.1905507389718033 22
      vertex -2.1905507389718033 -2.3326996077485176 0
      vertex -2.3326996077485176 -2.1905507389718033 0
    endloop
  endfacet
  facet normal 0.7501110696304594 0.661311865323652 0
    outer loop
      vertex -2.465642376882526 -2.039756767195807 22
      vertex -2.3326996077485176 -2.1905507389718033 0
      vertex -2.465642376882526 -2.039756767195807 0
    endloop
  endfacet
  facet normal 0.7901550123756902 0.6129070536529768 0
    outer loop
      vertex -2.465642376882526 -2.039756767195807 22
      vertex -2.465642376882526 -2.039756767195807 0
      vertex -2.588854381999832 -1.880912807335914 22
    endloop
  endfacet
  facet normal 0.9177546256839805 0.3971478906347823 1.5101049054250777e-19
    outer loop
      vertex -2.975284754842405 -1.1779985685909693 22
      vertex -2.8954465678912626 -1.3624937330082318 22
      vertex -2.8954465678912626 -1.3624937330082318 0
    endloop
  endfacet
  facet normal 0.8910065241883679 0.45399049973954686 0
    outer loop
      vertex -2.804181376140363 -1.5416117571254893 22
      vertex -2.804181376140363 -1.5416117571254893 0
      vertex -2.8954465678912626 -1.3624937330082318 22
    endloop
  endfacet
  facet normal 0.827080574274563 0.5620833778521288 -3.385867240153279e-19
    outer loop
      vertex -2.701849361606448 -1.7146457439327893 22
      vertex -2.588854381999832 -1.880912807335914 22
      vertex -2.588854381999832 -1.880912807335914 0
    endloop
  endfacet
  facet normal 0.8607420270039438 0.5090414157503711 0
    outer loop
      vertex -2.701849361606448 -1.7146457439327893 22
      vertex -2.701849361606448 -1.7146457439327893 0
      vertex -2.804181376140363 -1.5416117571254893 22
    endloop
  endfacet
  facet normal 0.9602936856769431 0.2789911060392293 0
    outer loop
      vertex -3.0433808521444914 -0.9888543819998317 22
      vertex -3.0433808521444914 -0.9888543819998317 0
      vertex -3.0994661156116194 -0.7958076389275356 22
    endloop
  endfacet
  facet normal 0.9759167619387472 0.2181432413965434 0
    outer loop
      vertex -3.0994661156116194 -0.7958076389275356 22
      vertex -3.0994661156116194 -0.7958076389275356 0
      vertex -3.1433192023318037 -0.5996202066743195 22
    endloop
  endfacet
  facet normal 0.9876883405951375 0.1564344650402317 0
    outer loop
      vertex -3.1433192023318037 -0.5996202066743195 22
      vertex -3.1433192023318037 -0.5996202066743195 0
      vertex -3.1747670442063294 -0.401066347405773 22
    endloop
  endfacet
  facet normal 0.99556196460308 0.09410831331851413 0
    outer loop
      vertex -3.1747670442063294 -0.401066347405773 22
      vertex -3.1747670442063294 -0.401066347405773 0
      vertex -3.1936855309704693 -0.2009296624938025 22
    endloop
  endfacet
  facet normal 0.9995065603657315 0.031410759078127945 0
    outer loop
      vertex -3.1936855309704693 -0.2009296624938025 22
      vertex -3.1936855309704693 -0.2009296624938025 0
      vertex -3.2 0 22
    endloop
  endfacet
  facet normal 0.9408807689542259 0.33873792024528976 0
    outer loop
      vertex -2.975284754842405 -1.1779985685909693 22
      vertex -2.975284754842405 -1.1779985685909693 0
      vertex -3.0433808521444914 -0.9888543819998317 22
    endloop
  endfacet
  facet normal 0.6129070536529768 0.7901550123756902 1.2168841102986694e-19
    outer loop
      vertex -2.039756767195807 -2.465642376882526 22
      vertex -1.880912807335914 -2.588854381999832 22
      vertex -1.880912807335914 -2.588854381999832 0
    endloop
  endfacet
  facet normal 0.5090414157503711 0.8607420270039438 5.602282631317437e-20
    outer loop
      vertex -1.7146457439327893 -2.701849361606448 22
      vertex -1.5416117571254893 -2.804181376140363 22
      vertex -1.5416117571254893 -2.804181376140363 0
    endloop
  endfacet
  facet normal 0.5620833778521288 0.827080574274563 -3.385867240153279e-19
    outer loop
      vertex -1.880912807335914 -2.588854381999832 22
      vertex -1.7146457439327893 -2.701849361606448 22
      vertex -1.7146457439327893 -2.701849361606448 0
    endloop
  endfacet
  facet normal 0.45399049973954686 0.8910065241883679 4.850241712449927e-21
    outer loop
      vertex -1.5416117571254893 -2.804181376140363 22
      vertex -1.3624937330082318 -2.8954465678912626 22
      vertex -1.3624937330082318 -2.8954465678912626 0
    endloop
  endfacet
  facet normal 0.3971478906347823 0.9177546256839805 0
    outer loop
      vertex -1.1779985685909693 -2.975284754842405 22
      vertex -1.1779985685909693 -2.975284754842405 0
      vertex -1.3624937330082318 -2.8954465678912626 22
    endloop
  endfacet
  facet normal 0.2789911060392293 0.9602936856769431 1.375750548434362e-19
    outer loop
      vertex -0.9888543819998317 -3.0433808521444914 22
      vertex -0.7958076389275356 -3.0994661156116194 22
      vertex -0.7958076389275356 -3.0994661156116194 0
    endloop
  endfacet
  facet normal 0.2181432413965434 0.9759167619387472 8.469513460518477e-20
    outer loop
      vertex -0.7958076389275356 -3.0994661156116194 22
      vertex -0.5996202066743195 -3.1433192023318037 22
      vertex -0.5996202066743195 -3.1433192023318037 0
    endloop
  endfacet
  facet normal 0.33873792024528976 0.9408807689542259 8.329809693273483e-20
    outer loop
      vertex -1.1779985685909693 -2.975284754842405 22
      vertex -0.9888543819998317 -3.0433808521444914 22
      vertex -0.9888543819998317 -3.0433808521444914 0
    endloop
  endfacet
  facet normal 0.1564344650402317 0.9876883405951375 -2.5605590014964178e-20
    outer loop
      vertex -0.5996202066743195 -3.1433192023318037 22
      vertex -0.401066347405773 -3.1747670442063294 22
      vertex -0.401066347405773 -3.1747670442063294 0
    endloop
  endfacet
  facet normal 0.09410831331851485 0.99556196460308 -3.4206554173953753e-20
    outer loop
      vertex -0.401066347405773 -3.1747670442063294 22
      vertex -0.20092966249380406 -3.1936855309704693 22
      vertex -0.20092966249380406 -3.1936855309704693 0
    endloop
  endfacet
  facet normal 0.0314107590781277 0.9995065603657315 -3.532504146790959e-21
    outer loop
      vertex -0.20092966249380406 -3.1936855309704693 22
      vertex 0 -3.2 22
      vertex 0 -3.2 0
    endloop
  endfacet
  facet normal 0.7501110696304594 0.661311865323652 -3.064030595797583e-19
    outer loop
      vertex -2.465642376882526 -2.039756767195807 22
      vertex -2.3326996077485176 -2.1905507389718033 22
      vertex -2.3326996077485176 -2.1905507389718033 0
    endloop
  endfacet
  facet normal 0.7071067811865475 0.7071067811865475 0
    outer loop
      vertex -2.1905507389718033 -2.3326996077485176 22
      vertex -2.1905507389718033 -2.3326996077485176 0
      vertex -2.3326996077485176 -2.1905507389718033 22
    endloop
  endfacet
  facet normal 0.661311865323652 0.7501110696304594 -3.064030595797583e-19
    outer loop
      vertex -2.1905507389718033 -2.3326996077485176 22
      vertex -2.039756767195807 -2.465642376882526 22
      vertex -2.039756767195807 -2.465642376882526 0
    endloop
  endfacet
  facet normal 0.9995065603657315 -0.031410759078127945 0
    outer loop
      vertex -3.1936855309704693 0.2009296624938025 22
      vertex -3.2 0 0
      vertex -3.1936855309704693 0.2009296624938025 0
    endloop
  endfacet
  facet normal 0.99556196460308 -0.09410831331851413 0
    outer loop
      vertex -3.1747670442063294 0.401066347405773 22
      vertex -3.1936855309704693 0.2009296624938025 0
      vertex -3.1747670442063294 0.401066347405773 0
    endloop
  endfacet
  facet normal 0.9876883405951375 -0.1564344650402317 0
    outer loop
      vertex -3.1433192023318037 0.5996202066743195 22
      vertex -3.1747670442063294 0.401066347405773 0
      vertex -3.1433192023318037 0.5996202066743195 0
    endloop
  endfacet
  facet normal 0.9759167619387472 -0.2181432413965434 0
    outer loop
      vertex -3.0994661156116194 0.7958076389275356 22
      vertex -3.1433192023318037 0.5996202066743195 0
      vertex -3.0994661156116194 0.7958076389275356 0
    endloop
  endfacet
  facet normal 0.9602936856769431 -0.2789911060392293 0
    outer loop
      vertex -3.0433808521444914 0.9888543819998317 22
      vertex -3.0994661156116194 0.7958076389275356 0
      vertex -3.0433808521444914 0.9888543819998317 0
    endloop
  endfacet
  facet normal 0.9408807689542259 -0.33873792024528976 0
    outer loop
      vertex -2.975284754842405 1.1779985685909693 22
      vertex -3.0433808521444914 0.9888543819998317 0
      vertex -2.975284754842405 1.1779985685909693 0
    endloop
  endfacet
  facet normal 0.9177546256839805 -0.3971478906347823 0
    outer loop
      vertex -2.8954465678912626 1.3624937330082318 22
      vertex -2.975284754842405 1.1779985685909693 0
      vertex -2.8954465678912626 1.3624937330082318 0
    endloop
  endfacet
  facet normal 0.8910065241883679 -0.45399049973954686 0
    outer loop
      vertex -2.804181376140363 1.5416117571254893 22
      vertex -2.8954465678912626 1.3624937330082318 0
      vertex -2.804181376140363 1.5416117571254893 0
    endloop
  endfacet
  facet normal 0.8607420270039438 -0.5090414157503711 0
    outer loop
      vertex -2.701849361606448 1.7146457439327893 22
      vertex -2.804181376140363 1.5416117571254893 0
      vertex -2.701849361606448 1.7146457439327893 0
    endloop
  endfacet
  facet normal 0.827080574274563 -0.5620833778521288 0
    outer loop
      vertex -2.588854381999832 1.880912807335914 22
      vertex -2.701849361606448 1.7146457439327893 0
      vertex -2.588854381999832 1.880912807335914 0
    endloop
  endfacet
  facet normal 0.7901550123756902 -0.6129070536529768 0
    outer loop
      vertex -2.465642376882526 2.039756767195807 22
      vertex -2.588854381999832 1.880912807335914 0
      vertex -2.465642376882526 2.039756767195807 0
    endloop
  endfacet
  facet normal 0.7501110696304594 -0.661311865323652 0
    outer loop
      vertex -2.3326996077485176 2.1905507389718033 22
      vertex -2.465642376882526 2.039756767195807 0
      vertex -2.3326996077485176 2.1905507389718033 0
    endloop
  endfacet
  facet normal 0.7071067811865475 -0.7071067811865475 0
    outer loop
      vertex -2.1905507389718033 2.3326996077485176 22
      vertex -2.3326996077485176 2.1905507389718033 0
      vertex -2.1905507389718033 2.3326996077485176 0
    endloop
  endfacet
  facet normal 0.661311865323652 -0.7501110696304594 0
    outer loop
      vertex -2.039756767195807 2.465642376882526 22
      vertex -2.1905507389718033 2.3326996077485176 0
      vertex -2.039756767195807 2.465642376882526 0
    endloop
  endfacet
  facet normal 0.6129070536529768 -0.7901550123756902 0
    outer loop
      vertex -1.880912807335914 2.588854381999832 22
      vertex -2.039756767195807 2.465642376882526 0
      vertex -1.880912807335914 2.588854381999832 0
    endloop
  endfacet
  facet normal 0.5620833778521288 -0.827080574274563 0
    outer loop
      vertex -1.7146457439327893 2.701849361606448 22
      vertex -1.880912807335914 2.588854381999832 0
      vertex -1.7146457439327893 2.701849361606448 0
    endloop
  endfacet
  facet normal 0.5090414157503718 -0.8607420270039434 0
    outer loop
      vertex -1.5416117571254888 2.8041813761403636 22
      vertex -1.7146457439327893 2.701849361606448 0
      vertex -1.5416117571254888 2.8041813761403636 0
    endloop
  endfacet
  facet normal 0.45399049973954775 -0.8910065241883673 0
    outer loop
      vertex -1.3624937330082327 2.8954465678912626 22
      vertex -1.5416117571254888 2.8041813761403636 0
      vertex -1.3624937330082327 2.8954465678912626 0
    endloop
  endfacet
  facet normal 0.3971478906347806 -0.917754625683981 0
    outer loop
      vertex -1.1779985685909693 2.975284754842405 22
      vertex -1.3624937330082327 2.8954465678912626 0
      vertex -1.1779985685909693 2.975284754842405 0
    endloop
  endfacet
  facet normal 0.33873792024528976 -0.9408807689542259 0
    outer loop
      vertex -0.9888543819998317 3.0433808521444914 22
      vertex -1.1779985685909693 2.975284754842405 0
      vertex -0.9888543819998317 3.0433808521444914 0
    endloop
  endfacet
  facet normal 0.2789911060392293 -0.9602936856769431 0
    outer loop
      vertex -0.7958076389275356 3.0994661156116194 22
      vertex -0.9888543819998317 3.0433808521444914 0
      vertex -0.7958076389275356 3.0994661156116194 0
    endloop
  endfacet
  facet normal 0.21814324139654467 -0.9759167619387469 0
    outer loop
      vertex -0.5996202066743187 3.143319202331804 22
      vertex -0.7958076389275356 3.0994661156116194 0
      vertex -0.5996202066743187 3.143319202331804 0
    endloop
  endfacet
  facet normal 0.1564344650402307 -0.9876883405951377 0
    outer loop
      vertex -0.40106634740577374 3.1747670442063294 22
      vertex -0.5996202066743187 3.143319202331804 0
      vertex -0.40106634740577374 3.1747670442063294 0
    endloop
  endfacet
  facet normal 0.09410831331851378 -0.99556196460308 0
    outer loop
      vertex -0.2009296624938025 3.1936855309704693 22
      vertex -0.40106634740577374 3.1747670442063294 0
      vertex -0.2009296624938025 3.1936855309704693 0
    endloop
  endfacet
  facet normal 0.031410759078127945 -0.9995065603657315 0
    outer loop
      vertex 0 3.2 22
      vertex -0.2009296624938025 3.1936855309704693 0
      vertex 0 3.2 0
    endloop
  endfacet
  facet normal 0.9995065603657315 -0.031410759078127945 0
    outer loop
      vertex -3.2 0 22
      vertex -3.2 0 0
      vertex -3.1936855309704693 0.2009296624938025 22
    endloop
  endfacet
  facet normal 0.99556196460308 -0.09410831331851413 0
    outer loop
      vertex -3.1936855309704693 0.2009296624938025 22
      vertex -3.1936855309704693 0.2009296624938025 0
      vertex -3.1747670442063294 0.401066347405773 22
    endloop
  endfacet
  facet normal 0.9876883405951375 -0.1564344650402317 0
    outer loop
      vertex -3.1747670442063294 0.401066347405773 22
      vertex -3.1747670442063294 0.401066347405773 0
      vertex -3.1433192023318037 0.5996202066743195 22
    endloop
  endfacet
  facet normal 0.9759167619387472 -0.2181432413965434 0
    outer loop
      vertex -3.1433192023318037 0.5996202066743195 22
      vertex -3.1433192023318037 0.5996202066743195 0
      vertex -3.0994661156116194 0.7958076389275356 22
    endloop
  endfacet
  facet normal 0.9602936856769431 -0.2789911060392293 0
    outer loop
      vertex -3.0994661156116194 0.7958076389275356 22
      vertex -3.0994661156116194 0.7958076389275356 0
      vertex -3.0433808521444914 0.9888543819998317 22
    endloop
  endfacet
  facet normal 0.9408807689542259 -0.33873792024528976 0
    outer loop
      vertex -3.0433808521444914 0.9888543819998317 22
      vertex -3.0433808521444914 0.9888543819998317 0
      vertex -2.975284754842405 1.1779985685909693 22
    endloop
  endfacet
  facet normal 0.9177546256839805 -0.3971478906347823 0
    outer loop
      vertex -2.975284754842405 1.1779985685909693 22
      vertex -2.975284754842405 1.1779985685909693 0
      vertex -2.8954465678912626 1.3624937330082318 22
    endloop
  endfacet
  facet normal 0.8910065241883679 -0.45399049973954686 0
    outer loop
      vertex -2.8954465678912626 1.3624937330082318 22
      vertex -2.8954465678912626 1.3624937330082318 0
      vertex -2.804181376140363 1.5416117571254893 22
    endloop
  endfacet
  facet normal 0.8607420270039438 -0.5090414157503711 0
    outer loop
      vertex -2.804181376140363 1.5416117571254893 22
      vertex -2.804181376140363 1.5416117571254893 0
      vertex -2.701849361606448 1.7146457439327893 22
    endloop
  endfacet
  facet normal 0.827080574274563 -0.5620833778521288 0
    outer loop
      vertex -2.701849361606448 1.7146457439327893 22
      vertex -2.701849361606448 1.7146457439327893 0
      vertex -2.588854381999832 1.880912807335914 22
    endloop
  endfacet
  facet normal 0.7901550123756902 -0.6129070536529768 0
    outer loop
      vertex -2.588854381999832 1.880912807335914 22
      vertex -2.588854381999832 1.880912807335914 0
      vertex -2.465642376882526 2.039756767195807 22
    endloop
  endfacet
  facet normal 0.7501110696304594 -0.661311865323652 0
    outer loop
      vertex -2.465642376882526 2.039756767195807 22
      vertex -2.465642376882526 2.039756767195807 0
      vertex -2.3326996077485176 2.1905507389718033 22
    endloop
  endfacet
  facet normal 0.7071067811865475 -0.7071067811865475 0
    outer loop
      vertex -2.3326996077485176 2.1905507389718033 22
      vertex -2.3326996077485176 2.1905507389718033 0
      vertex -2.1905507389718033 2.3326996077485176 22
    endloop
  endfacet
  facet normal 0.661311865323652 -0.7501110696304594 0
    outer loop
      vertex -2.1905507389718033 2.3326996077485176 22
      vertex -2.1905507389718033 2.3326996077485176 0
      vertex -2.039756767195807 2.465642376882526 22
    endloop
  endfacet
  facet normal 0.6129070536529768 -0.7901550123756902 0
    outer loop
      vertex -2.039756767195807 2.465642376882526 22
      vertex -2.039756767195807 2.465642376882526 0
      vertex -1.880912807335914 2.588854381999832 22
    endloop
  endfacet
  facet normal 0.5620833778521288 -0.827080574274563 0
    outer loop
      vertex -1.880912807335914 2.588854381999832 22
      vertex -1.880912807335914 2.588854381999832 0
      vertex -1.7146457439327893 2.701849361606448 22
    endloop
  endfacet
  facet normal 0.5090414157503718 -0.8607420270039434 0
    outer loop
      vertex -1.7146457439327893 2.701849361606448 22
      vertex -1.7146457439327893 2.701849361606448 0
      vertex -1.5416117571254888 2.8041813761403636 22
    endloop
  endfacet
  facet normal 0.45399049973954775 -0.8910065241883673 0
    outer loop
      vertex -1.5416117571254888 2.8041813761403636 22
      vertex -1.5416117571254888 2.8041813761403636 0
      vertex -1.3624937330082327 2.8954465678912626 22
    endloop
  endfacet
  facet normal 0.3971478906347806 -0.917754625683981 0
    outer loop
      vertex -1.3624937330082327 2.8954465678912626 22
      vertex -1.3624937330082327 2.8954465678912626 0
      vertex -1.1779985685909693 2.975284754842405 22
    endloop
  endfacet
  facet normal 0.33873792024528976 -0.9408807689542259 0
    outer loop
      vertex -1.1779985685909693 2.975284754842405 22
      vertex -1.1779985685909693 2.975284754842405 0
      vertex -0.9888543819998317 3.0433808521444914 22
    endloop
  endfacet
  facet normal 0.2789911060392293 -0.9602936856769431 0
    outer loop
      vertex -0.9888543819998317 3.0433808521444914 22
      vertex -0.9888543819998317 3.0433808521444914 0
      vertex -0.7958076389275356 3.0994661156116194 22
    endloop
  endfacet
  facet normal 0.21814324139654467 -0.9759167619387469 0
    outer loop
      vertex -0.7958076389275356 3.0994661156116194 22
      vertex -0.7958076389275356 3.0994661156116194 0
      vertex -0.5996202066743187 3.143319202331804 22
    endloop
  endfacet
  facet normal 0.1564344650402307 -0.9876883405951377 0
    outer loop
      vertex -0.5996202066743187 3.143319202331804 22
      vertex -0.5996202066743187 3.143319202331804 0
      vertex -0.40106634740577374 3.1747670442063294 22
    endloop
  endfacet
  facet normal 0.09410831331851378 -0.99556196460308 0
    outer loop
      vertex -0.40106634740577374 3.1747670442063294 22
      vertex -0.40106634740577374 3.1747670442063294 0
      vertex -0.2009296624938025 3.1936855309704693 22
    endloop
  endfacet
  facet normal 0.031410759078127945 -0.9995065603657315 0
    outer loop
      vertex -0.2009296624938025 3.1936855309704693 22
      vertex -0.2009296624938025 3.1936855309704693 0
      vertex 0 3.2 22
    endloop
  endfacet
  facet normal -0.0314107590781277 0.9995065603657315 0
    outer loop
      vertex 0 -3.2 22
      vertex 0.20092966249380406 -3.1936855309704693 0
      vertex 0 -3.2 0
    endloop
  endfacet
  facet normal -0.09410831331851485 0.99556196460308 0
    outer loop
      vertex 0.20092966249380406 -3.1936855309704693 22
      vertex 0.401066347405773 -3.1747670442063294 0
      vertex 0.20092966249380406 -3.1936855309704693 0
    endloop
  endfacet
  facet normal -0.1564344650402317 0.9876883405951375 0
    outer loop
      vertex 0.401066347405773 -3.1747670442063294 22
      vertex 0.5996202066743195 -3.1433192023318037 0
      vertex 0.401066347405773 -3.1747670442063294 0
    endloop
  endfacet
  facet normal -0.21814324139654268 0.9759167619387472 0
    outer loop
      vertex 0.5996202066743195 -3.1433192023318037 22
      vertex 0.7958076389275343 -3.09946611561162 0
      vertex 0.5996202066743195 -3.1433192023318037 0
    endloop
  endfacet
  facet normal -0.2789911060392295 0.960293685676943 0
    outer loop
      vertex 0.7958076389275343 -3.09946611561162 22
      vertex 0.9888543819998317 -3.0433808521444914 0
      vertex 0.7958076389275343 -3.09946611561162 0
    endloop
  endfacet
  facet normal -0.33873792024529126 0.9408807689542256 0
    outer loop
      vertex 0.9888543819998317 -3.0433808521444914 22
      vertex 1.1779985685909709 -2.975284754842404 0
      vertex 0.9888543819998317 -3.0433808521444914 0
    endloop
  endfacet
  facet normal -0.3971478906347814 0.9177546256839808 0
    outer loop
      vertex 1.1779985685909709 -2.975284754842404 22
      vertex 1.3624937330082318 -2.8954465678912626 0
      vertex 1.1779985685909709 -2.975284754842404 0
    endloop
  endfacet
  facet normal -0.45399049973954686 0.8910065241883679 0
    outer loop
      vertex 1.3624937330082318 -2.8954465678912626 22
      vertex 1.5416117571254893 -2.804181376140363 0
      vertex 1.3624937330082318 -2.8954465678912626 0
    endloop
  endfacet
  facet normal -0.5090414157503707 0.8607420270039439 0
    outer loop
      vertex 1.5416117571254893 -2.804181376140363 22
      vertex 1.714645743932788 -2.701849361606449 0
      vertex 1.5416117571254893 -2.804181376140363 0
    endloop
  endfacet
  facet normal -0.5620833778521287 0.827080574274563 0
    outer loop
      vertex 1.714645743932788 -2.701849361606449 22
      vertex 1.880912807335914 -2.588854381999832 0
      vertex 1.714645743932788 -2.701849361606449 0
    endloop
  endfacet
  facet normal -0.6129070536529774 0.7901550123756897 0
    outer loop
      vertex 1.880912807335914 -2.588854381999832 22
      vertex 2.039756767195808 -2.465642376882525 0
      vertex 1.880912807335914 -2.588854381999832 0
    endloop
  endfacet
  facet normal -0.6613118653236517 0.7501110696304597 0
    outer loop
      vertex 2.039756767195808 -2.465642376882525 22
      vertex 2.1905507389718033 -2.3326996077485176 0
      vertex 2.039756767195808 -2.465642376882525 0
    endloop
  endfacet
  facet normal -0.7071067811865475 0.7071067811865475 0
    outer loop
      vertex 2.1905507389718033 -2.3326996077485176 22
      vertex 2.3326996077485176 -2.1905507389718033 0
      vertex 2.1905507389718033 -2.3326996077485176 0
    endloop
  endfacet
  facet normal -0.7501110696304597 0.6613118653236517 0
    outer loop
      vertex 2.3326996077485176 -2.1905507389718033 22
      vertex 2.465642376882525 -2.039756767195808 0
      vertex 2.3326996077485176 -2.1905507389718033 0
    endloop
  endfacet
  facet normal -0.7901550123756897 0.6129070536529774 0
    outer loop
      vertex 2.465642376882525 -2.039756767195808 22
      vertex 2.588854381999832 -1.880912807335914 0
      vertex 2.465642376882525 -2.039756767195808 0
    endloop
  endfacet
  facet normal -0.827080574274563 0.5620833778521287 0
    outer loop
      vertex 2.588854381999832 -1.880912807335914 22
      vertex 2.701849361606449 -1.714645743932788 0
      vertex 2.588854381999832 -1.880912807335914 0
    endloop
  endfacet
  facet normal -0.8607420270039439 0.5090414157503707 0
    outer loop
      vertex 2.701849361606449 -1.714645743932788 22
      vertex 2.804181376140363 -1.5416117571254893 0
      vertex 2.701849361606449 -1.714645743932788 0
    endloop
  endfacet
  facet normal -0.8910065241883679 0.45399049973954686 0
    outer loop
      vertex 2.804181376140363 -1.5416117571254893 22
      vertex 2.8954465678912626 -1.3624937330082318 0
      vertex 2.804181376140363 -1.5416117571254893 0
    endloop
  endfacet
  facet normal -0.9177546256839808 0.3971478906347814 0
    outer loop
      vertex 2.8954465678912626 -1.3624937330082318 22
      vertex 2.975284754842404 -1.1779985685909709 0
      vertex 2.8954465678912626 -1.3624937330082318 0
    endloop
  endfacet
  facet normal -0.9408807689542256 0.33873792024529126 0
    outer loop
      vertex 2.975284754842404 -1.1779985685909709 22
      vertex 3.0433808521444914 -0.9888543819998317 0
      vertex 2.975284754842404 -1.1779985685909709 0
    endloop
  endfacet
  facet normal -0.960293685676943 0.2789911060392295 0
    outer loop
      vertex 3.0433808521444914 -0.9888543819998317 22
      vertex 3.09946611561162 -0.7958076389275343 0
      vertex 3.0433808521444914 -0.9888543819998317 0
    endloop
  endfacet
  facet normal -0.9759167619387472 0.21814324139654268 0
    outer loop
      vertex 3.09946611561162 -0.7958076389275343 22
      vertex 3.1433192023318037 -0.5996202066743195 0
      vertex 3.09946611561162 -0.7958076389275343 0
    endloop
  endfacet
  facet normal -0.9876883405951375 0.1564344650402317 0
    outer loop
      vertex 3.1433192023318037 -0.5996202066743195 22
      vertex 3.1747670442063294 -0.401066347405773 0
      vertex 3.1433192023318037 -0.5996202066743195 0
    endloop
  endfacet
  facet normal -0.99556196460308 0.09410831331851485 0
    outer loop
      vertex 3.1747670442063294 -0.401066347405773 22
      vertex 3.1936855309704693 -0.20092966249380406 0
      vertex 3.1747670442063294 -0.401066347405773 0
    endloop
  endfacet
  facet normal -0.9995065603657315 0.0314107590781277 0
    outer loop
      vertex 3.1936855309704693 -0.20092966249380406 22
      vertex 3.2 0 0
      vertex 3.1936855309704693 -0.20092966249380406 0
    endloop
  endfacet
  facet normal -0.0314107590781277 0.9995065603657315 3.532504146790959e-21
    outer loop
      vertex 0 -3.2 22
      vertex 0.20092966249380406 -3.1936855309704693 22
      vertex 0.20092966249380406 -3.1936855309704693 0
    endloop
  endfacet
  facet normal -0.09410831331851485 0.99556196460308 3.4206554173953753e-20
    outer loop
      vertex 0.20092966249380406 -3.1936855309704693 22
      vertex 0.401066347405773 -3.1747670442063294 22
      vertex 0.401066347405773 -3.1747670442063294 0
    endloop
  endfacet
  facet normal -0.1564344650402317 0.9876883405951375 2.5605590014964178e-20
    outer loop
      vertex 0.401066347405773 -3.1747670442063294 22
      vertex 0.5996202066743195 -3.1433192023318037 22
      vertex 0.5996202066743195 -3.1433192023318037 0
    endloop
  endfacet
  facet normal -0.21814324139654268 0.9759167619387472 -4.670820561895743e-20
    outer loop
      vertex 0.5996202066743195 -3.1433192023318037 22
      vertex 0.7958076389275343 -3.09946611561162 22
      vertex 0.7958076389275343 -3.09946611561162 0
    endloop
  endfacet
  facet normal -0.2789911060392295 0.960293685676943 5.597400377455571e-20
    outer loop
      vertex 0.7958076389275343 -3.09946611561162 22
      vertex 0.9888543819998317 -3.0433808521444914 22
      vertex 0.9888543819998317 -3.0433808521444914 0
    endloop
  endfacet
  facet normal -0.33873792024529126 0.9408807689542256 -1.3980904856831527e-19
    outer loop
      vertex 0.9888543819998317 -3.0433808521444914 22
      vertex 1.1779985685909709 -2.975284754842404 22
      vertex 1.1779985685909709 -2.975284754842404 0
    endloop
  endfacet
  facet normal -0.3971478906347814 0.9177546256839808 -1.4965322696603664e-19
    outer loop
      vertex 1.1779985685909709 -2.975284754842404 22
      vertex 1.3624937330082318 -2.8954465678912626 22
      vertex 1.3624937330082318 -2.8954465678912626 0
    endloop
  endfacet
  facet normal -0.45399049973954686 0.8910065241883679 -4.850241712449927e-21
    outer loop
      vertex 1.3624937330082318 -2.8954465678912626 22
      vertex 1.5416117571254893 -2.804181376140363 22
      vertex 1.5416117571254893 -2.804181376140363 0
    endloop
  endfacet
  facet normal -0.5090414157503707 0.8607420270039439 2.6389066778154886e-19
    outer loop
      vertex 1.5416117571254893 -2.804181376140363 22
      vertex 1.714645743932788 -2.701849361606449 22
      vertex 1.714645743932788 -2.701849361606449 0
    endloop
  endfacet
  facet normal -0.5620833778521287 0.827080574274563 3.028463522195414e-19
    outer loop
      vertex 1.714645743932788 -2.701849361606449 22
      vertex 1.880912807335914 -2.588854381999832 22
      vertex 1.880912807335914 -2.588854381999832 0
    endloop
  endfacet
  facet normal -0.6129070536529774 0.7901550123756897 4.017001036314968e-20
    outer loop
      vertex 1.880912807335914 -2.588854381999832 22
      vertex 2.039756767195808 -2.465642376882525 22
      vertex 2.039756767195808 -2.465642376882525 0
    endloop
  endfacet
  facet normal -0.6613118653236517 0.7501110696304597 -1.929982413364755e-19
    outer loop
      vertex 2.039756767195808 -2.465642376882525 22
      vertex 2.1905507389718033 -2.3326996077485176 22
      vertex 2.1905507389718033 -2.3326996077485176 0
    endloop
  endfacet
  facet normal -0.7071067811865475 0.7071067811865475 2.8045586721068375e-19
    outer loop
      vertex 2.1905507389718033 -2.3326996077485176 22
      vertex 2.3326996077485176 -2.1905507389718033 22
      vertex 2.3326996077485176 -2.1905507389718033 0
    endloop
  endfacet
  facet normal -0.7501110696304597 0.6613118653236517 -1.929982413364755e-19
    outer loop
      vertex 2.3326996077485176 -2.1905507389718033 22
      vertex 2.465642376882525 -2.039756767195808 22
      vertex 2.465642376882525 -2.039756767195808 0
    endloop
  endfacet
  facet normal -0.7901550123756897 0.6129070536529774 4.017001036314968e-20
    outer loop
      vertex 2.465642376882525 -2.039756767195808 22
      vertex 2.588854381999832 -1.880912807335914 22
      vertex 2.588854381999832 -1.880912807335914 0
    endloop
  endfacet
  facet normal -0.827080574274563 0.5620833778521287 3.028463522195414e-19
    outer loop
      vertex 2.588854381999832 -1.880912807335914 22
      vertex 2.701849361606449 -1.714645743932788 22
      vertex 2.701849361606449 -1.714645743932788 0
    endloop
  endfacet
  facet normal -0.8607420270039439 0.5090414157503707 2.6389066778154886e-19
    outer loop
      vertex 2.701849361606449 -1.714645743932788 22
      vertex 2.804181376140363 -1.5416117571254893 22
      vertex 2.804181376140363 -1.5416117571254893 0
    endloop
  endfacet
  facet normal -0.8910065241883679 0.45399049973954686 -4.850241712449927e-21
    outer loop
      vertex 2.804181376140363 -1.5416117571254893 22
      vertex 2.8954465678912626 -1.3624937330082318 22
      vertex 2.8954465678912626 -1.3624937330082318 0
    endloop
  endfacet
  facet normal -0.9177546256839808 0.3971478906347814 -1.4965322696603664e-19
    outer loop
      vertex 2.8954465678912626 -1.3624937330082318 22
      vertex 2.975284754842404 -1.1779985685909709 22
      vertex 2.975284754842404 -1.1779985685909709 0
    endloop
  endfacet
  facet normal -0.9408807689542256 0.33873792024529126 -1.3980904856831527e-19
    outer loop
      vertex 2.975284754842404 -1.1779985685909709 22
      vertex 3.0433808521444914 -0.9888543819998317 22
      vertex 3.0433808521444914 -0.9888543819998317 0
    endloop
  endfacet
  facet normal -0.960293685676943 0.2789911060392295 5.597400377455571e-20
    outer loop
      vertex 3.0433808521444914 -0.9888543819998317 22
      vertex 3.09946611561162 -0.7958076389275343 22
      vertex 3.09946611561162 -0.7958076389275343 0
    endloop
  endfacet
  facet normal -0.9759167619387472 0.21814324139654268 -4.670820561895743e-20
    outer loop
      vertex 3.09946611561162 -0.7958076389275343 22
      vertex 3.1433192023318037 -0.5996202066743195 22
      vertex 3.1433192023318037 -0.5996202066743195 0
    endloop
  endfacet
  facet normal -0.9876883405951375 0.1564344650402317 2.5605590014964178e-20
    outer loop
      vertex 3.1433192023318037 -0.5996202066743195 22
      vertex 3.1747670442063294 -0.401066347405773 22
      vertex 3.1747670442063294 -0.401066347405773 0
    endloop
  endfacet
  facet normal -0.99556196460308 0.09410831331851485 3.4206554173953753e-20
    outer loop
      vertex 3.1747670442063294 -0.401066347405773 22
      vertex 3.1936855309704693 -0.20092966249380406 22
      vertex 3.1936855309704693 -0.20092966249380406 0
    endloop
  endfacet
  facet normal -0.9995065603657315 0.0314107590781277 3.532504146790959e-21
    outer loop
      vertex 3.1936855309704693 -0.20092966249380406 22
      vertex 3.2 0 22
      vertex 3.2 0 0
    endloop
  endfacet
  facet normal -0.7501110696304604 -0.6613118653236509 0
    outer loop
      vertex 2.4656423768825255 2.0397567671958075 22
      vertex 2.332699607748517 2.190550738971804 0
      vertex 2.4656423768825255 2.0397567671958075 0
    endloop
  endfacet
  facet normal -0.7071067811865476 -0.7071067811865476 0
    outer loop
      vertex 2.332699607748517 2.190550738971804 22
      vertex 2.190550738971804 2.332699607748517 0
      vertex 2.332699607748517 2.190550738971804 0
    endloop
  endfacet
  facet normal -0.6613118653236509 -0.7501110696304604 0
    outer loop
      vertex 2.190550738971804 2.332699607748517 22
      vertex 2.0397567671958075 2.4656423768825255 0
      vertex 2.190550738971804 2.332699607748517 0
    endloop
  endfacet
  facet normal -0.031410759078127945 -0.9995065603657315 0
    outer loop
      vertex 0.2009296624938025 3.1936855309704693 22
      vertex 0 3.2 0
      vertex 0.2009296624938025 3.1936855309704693 0
    endloop
  endfacet
  facet normal -0.09410831331851378 -0.99556196460308 0
    outer loop
      vertex 0.40106634740577374 3.1747670442063294 22
      vertex 0.2009296624938025 3.1936855309704693 0
      vertex 0.40106634740577374 3.1747670442063294 0
    endloop
  endfacet
  facet normal -0.1564344650402307 -0.9876883405951377 0
    outer loop
      vertex 0.5996202066743187 3.143319202331804 22
      vertex 0.40106634740577374 3.1747670442063294 0
      vertex 0.5996202066743187 3.143319202331804 0
    endloop
  endfacet
  facet normal -0.33873792024528976 -0.9408807689542259 0
    outer loop
      vertex 1.1779985685909693 2.975284754842405 22
      vertex 0.9888543819998317 3.0433808521444914 0
      vertex 1.1779985685909693 2.975284754842405 0
    endloop
  endfacet
  facet normal -0.21814324139654467 -0.9759167619387469 0
    outer loop
      vertex 0.7958076389275356 3.0994661156116194 22
      vertex 0.5996202066743187 3.143319202331804 0
      vertex 0.7958076389275356 3.0994661156116194 0
    endloop
  endfacet
  facet normal -0.2789911060392293 -0.9602936856769431 0
    outer loop
      vertex 0.9888543819998317 3.0433808521444914 22
      vertex 0.7958076389275356 3.0994661156116194 0
      vertex 0.9888543819998317 3.0433808521444914 0
    endloop
  endfacet
  facet normal -0.3971478906347806 -0.917754625683981 0
    outer loop
      vertex 1.3624937330082327 2.8954465678912626 22
      vertex 1.1779985685909693 2.975284754842405 0
      vertex 1.3624937330082327 2.8954465678912626 0
    endloop
  endfacet
  facet normal -0.45399049973954775 -0.8910065241883673 0
    outer loop
      vertex 1.5416117571254888 2.8041813761403636 22
      vertex 1.3624937330082327 2.8954465678912626 0
      vertex 1.5416117571254888 2.8041813761403636 0
    endloop
  endfacet
  facet normal -0.5090414157503701 -0.8607420270039443 0
    outer loop
      vertex 1.7146457439327893 2.7018493616064485 22
      vertex 1.5416117571254888 2.8041813761403636 0
      vertex 1.7146457439327893 2.7018493616064485 0
    endloop
  endfacet
  facet normal -0.5620833778521303 -0.8270805742745619 0
    outer loop
      vertex 1.880912807335914 2.588854381999832 22
      vertex 1.7146457439327893 2.7018493616064485 0
      vertex 1.880912807335914 2.588854381999832 0
    endloop
  endfacet
  facet normal -0.612907053652977 -0.7901550123756899 0
    outer loop
      vertex 2.0397567671958075 2.4656423768825255 22
      vertex 1.880912807335914 2.588854381999832 0
      vertex 2.0397567671958075 2.4656423768825255 0
    endloop
  endfacet
  facet normal -0.9408807689542253 -0.33873792024529137 0
    outer loop
      vertex 3.0433808521444914 0.9888543819998317 22
      vertex 2.9752847548424044 1.1779985685909695 0
      vertex 3.0433808521444914 0.9888543819998317 0
    endloop
  endfacet
  facet normal -0.9995065603657315 -0.031410759078127896 0
    outer loop
      vertex 3.2 0 22
      vertex 3.1936855309704693 0.2009296624938028 0
      vertex 3.2 0 0
    endloop
  endfacet
  facet normal -0.99556196460308 -0.09410831331851398 0
    outer loop
      vertex 3.1936855309704693 0.2009296624938028 22
      vertex 3.1747670442063294 0.4010663474057736 0
      vertex 3.1936855309704693 0.2009296624938028 0
    endloop
  endfacet
  facet normal -0.9876883405951379 -0.15643446504023056 0
    outer loop
      vertex 3.1747670442063294 0.4010663474057736 22
      vertex 3.143319202331804 0.5996202066743188 0
      vertex 3.1747670442063294 0.4010663474057736 0
    endloop
  endfacet
  facet normal -0.9759167619387469 -0.21814324139654503 0
    outer loop
      vertex 3.143319202331804 0.5996202066743188 22
      vertex 3.0994661156116194 0.7958076389275354 0
      vertex 3.143319202331804 0.5996202066743188 0
    endloop
  endfacet
  facet normal -0.9602936856769431 -0.278991106039229 0
    outer loop
      vertex 3.0994661156116194 0.7958076389275354 22
      vertex 3.0433808521444914 0.9888543819998317 0
      vertex 3.0994661156116194 0.7958076389275354 0
    endloop
  endfacet
  facet normal -0.8270805742745619 -0.5620833778521303 0
    outer loop
      vertex 2.7018493616064485 1.7146457439327893 22
      vertex 2.588854381999832 1.880912807335914 0
      vertex 2.7018493616064485 1.7146457439327893 0
    endloop
  endfacet
  facet normal -0.8910065241883677 -0.4539904997395468 0
    outer loop
      vertex 2.8954465678912626 1.3624937330082325 22
      vertex 2.8041813761403636 1.541611757125489 0
      vertex 2.8954465678912626 1.3624937330082325 0
    endloop
  endfacet
  facet normal -0.9177546256839816 -0.3971478906347796 0
    outer loop
      vertex 2.9752847548424044 1.1779985685909695 22
      vertex 2.8954465678912626 1.3624937330082325 0
      vertex 2.9752847548424044 1.1779985685909695 0
    endloop
  endfacet
  facet normal -0.860742027003944 -0.5090414157503707 0
    outer loop
      vertex 2.8041813761403636 1.541611757125489 22
      vertex 2.7018493616064485 1.7146457439327893 0
      vertex 2.8041813761403636 1.541611757125489 0
    endloop
  endfacet
  facet normal -0.7901550123756899 -0.612907053652977 0
    outer loop
      vertex 2.588854381999832 1.880912807335914 22
      vertex 2.4656423768825255 2.0397567671958075 0
      vertex 2.588854381999832 1.880912807335914 0
    endloop
  endfacet
  facet normal -0.6613118653236509 -0.7501110696304604 0
    outer loop
      vertex 2.0397567671958075 2.4656423768825255 22
      vertex 2.0397567671958075 2.4656423768825255 0
      vertex 2.190550738971804 2.332699607748517 22
    endloop
  endfacet
  facet normal -0.7071067811865476 -0.7071067811865476 -1.4683526543891093e-19
    outer loop
      vertex 2.332699607748517 2.190550738971804 22
      vertex 2.190550738971804 2.332699607748517 22
      vertex 2.190550738971804 2.332699607748517 0
    endloop
  endfacet
  facet normal -0.7501110696304604 -0.6613118653236509 0
    outer loop
      vertex 2.332699607748517 2.190550738971804 22
      vertex 2.332699607748517 2.190550738971804 0
      vertex 2.4656423768825255 2.0397567671958075 22
    endloop
  endfacet
  facet normal -0.031410759078127945 -0.9995065603657315 0
    outer loop
      vertex 0 3.2 22
      vertex 0 3.2 0
      vertex 0.2009296624938025 3.1936855309704693 22
    endloop
  endfacet
  facet normal -0.09410831331851378 -0.99556196460308 0
    outer loop
      vertex 0.2009296624938025 3.1936855309704693 22
      vertex 0.2009296624938025 3.1936855309704693 0
      vertex 0.40106634740577374 3.1747670442063294 22
    endloop
  endfacet
  facet normal -0.1564344650402307 -0.9876883405951377 0
    outer loop
      vertex 0.40106634740577374 3.1747670442063294 22
      vertex 0.40106634740577374 3.1747670442063294 0
      vertex 0.5996202066743187 3.143319202331804 22
    endloop
  endfacet
  facet normal -0.33873792024528976 -0.9408807689542259 0
    outer loop
      vertex 0.9888543819998317 3.0433808521444914 22
      vertex 0.9888543819998317 3.0433808521444914 0
      vertex 1.1779985685909693 2.975284754842405 22
    endloop
  endfacet
  facet normal -0.21814324139654467 -0.9759167619387469 0
    outer loop
      vertex 0.5996202066743187 3.143319202331804 22
      vertex 0.5996202066743187 3.143319202331804 0
      vertex 0.7958076389275356 3.0994661156116194 22
    endloop
  endfacet
  facet normal -0.2789911060392293 -0.9602936856769431 0
    outer loop
      vertex 0.7958076389275356 3.0994661156116194 22
      vertex 0.7958076389275356 3.0994661156116194 0
      vertex 0.9888543819998317 3.0433808521444914 22
    endloop
  endfacet
  facet normal -0.3971478906347806 -0.917754625683981 -1.9304135204041107e-19
    outer loop
      vertex 1.3624937330082327 2.8954465678912626 22
      vertex 1.1779985685909693 2.975284754842405 22
      vertex 1.1779985685909693 2.975284754842405 0
    endloop
  endfacet
  facet normal -0.45399049973954775 -0.8910065241883673 0
    outer loop
      vertex 1.3624937330082327 2.8954465678912626 22
      vertex 1.3624937330082327 2.8954465678912626 0
      vertex 1.5416117571254888 2.8041813761403636 22
    endloop
  endfacet
  facet normal -0.5620833778521303 -0.8270805742745619 0
    outer loop
      vertex 1.7146457439327893 2.7018493616064485 22
      vertex 1.7146457439327893 2.7018493616064485 0
      vertex 1.880912807335914 2.588854381999832 22
    endloop
  endfacet
  facet normal -0.5090414157503701 -0.8607420270039443 0
    outer loop
      vertex 1.5416117571254888 2.8041813761403636 22
      vertex 1.5416117571254888 2.8041813761403636 0
      vertex 1.7146457439327893 2.7018493616064485 22
    endloop
  endfacet
  facet normal -0.612907053652977 -0.7901550123756899 0
    outer loop
      vertex 1.880912807335914 2.588854381999832 22
      vertex 1.880912807335914 2.588854381999832 0
      vertex 2.0397567671958075 2.4656423768825255 22
    endloop
  endfacet
  facet normal -0.9408807689542253 -0.33873792024529137 2.947831093485444e-20
    outer loop
      vertex 3.0433808521444914 0.9888543819998317 22
      vertex 2.9752847548424044 1.1779985685909695 22
      vertex 2.9752847548424044 1.1779985685909695 0
    endloop
  endfacet
  facet normal -0.9995065603657315 -0.031410759078127896 1.4674261344393246e-20
    outer loop
      vertex 3.2 0 22
      vertex 3.1936855309704693 0.2009296624938028 22
      vertex 3.1936855309704693 0.2009296624938028 0
    endloop
  endfacet
  facet normal -0.99556196460308 -0.09410831331851398 -4.621600945603277e-20
    outer loop
      vertex 3.1936855309704693 0.2009296624938028 22
      vertex 3.1747670442063294 0.4010663474057736 22
      vertex 3.1747670442063294 0.4010663474057736 0
    endloop
  endfacet
  facet normal -0.9876883405951379 -0.15643446504023056 -3.525479365946186e-20
    outer loop
      vertex 3.1747670442063294 0.4010663474057736 22
      vertex 3.143319202331804 0.5996202066743188 22
      vertex 3.143319202331804 0.5996202066743188 0
    endloop
  endfacet
  facet normal -0.9759167619387469 -0.21814324139654503 -9.195801217893415e-20
    outer loop
      vertex 3.143319202331804 0.5996202066743188 22
      vertex 3.0994661156116194 0.7958076389275354 22
      vertex 3.0994661156116194 0.7958076389275354 0
    endloop
  endfacet
  facet normal -0.9602936856769431 -0.278991106039229 6.739837388636446e-20
    outer loop
      vertex 3.0994661156116194 0.7958076389275354 22
      vertex 3.0433808521444914 0.9888543819998317 22
      vertex 3.0433808521444914 0.9888543819998317 0
    endloop
  endfacet
  facet normal -0.860742027003944 -0.5090414157503707 -3.748492847979773e-19
    outer loop
      vertex 2.8041813761403636 1.541611757125489 22
      vertex 2.7018493616064485 1.7146457439327893 22
      vertex 2.7018493616064485 1.7146457439327893 0
    endloop
  endfacet
  facet normal -0.8270805742745619 -0.5620833778521303 0
    outer loop
      vertex 2.588854381999832 1.880912807335914 22
      vertex 2.588854381999832 1.880912807335914 0
      vertex 2.7018493616064485 1.7146457439327893 22
    endloop
  endfacet
  facet normal -0.8910065241883677 -0.4539904997395468 2.3312949627852098e-19
    outer loop
      vertex 2.8954465678912626 1.3624937330082325 22
      vertex 2.8041813761403636 1.541611757125489 22
      vertex 2.8041813761403636 1.541611757125489 0
    endloop
  endfacet
  facet normal -0.9177546256839816 -0.3971478906347796 0
    outer loop
      vertex 2.8954465678912626 1.3624937330082325 22
      vertex 2.8954465678912626 1.3624937330082325 0
      vertex 2.9752847548424044 1.1779985685909695 22
    endloop
  endfacet
  facet normal -0.7901550123756899 -0.612907053652977 4.075920033340297e-20
    outer loop
      vertex 2.588854381999832 1.880912807335914 22
      vertex 2.4656423768825255 2.0397567671958075 22
      vertex 2.4656423768825255 2.0397567671958075 0
    endloop
  endfacet
  facet normal 0 0 1
    outer loop
      vertex -12.671505534400081 -2.41721895815585 22
      vertex -12.494722778559339 -3.208099544426627 22
      vertex -12.494722778559339 3.208099544426627 22
    endloop
  endfacet
  facet normal 0 0 1
    outer loop
      vertex -12.268629060207479 -3.986319227436821 22
      vertex -12.268629060207479 3.986319227436821 22
      vertex -12.494722778559339 -3.208099544426627 22
    endloop
  endfacet
  facet normal 0 0 1
    outer loop
      vertex -12.671505534400081 -2.41721895815585 22
      vertex -12.671505534400081 2.41721895815585 22
      vertex -12.798279646956763 -1.6167987129795223 22
    endloop
  endfacet
  facet normal 0 0 1
    outer loop
      vertex -12.798279646956763 -1.6167987129795223 22
      vertex -12.798279646956763 1.6167987129795223 22
      vertex -12.874544796724702 -0.8099977019281411 22
    endloop
  endfacet
  facet normal 0 0 1
    outer loop
      vertex -10.43631922743682 -7.582429754572902 22
      vertex -9.939620831807682 -8.222769467758095 22
      vertex -9.939620831807682 8.222769467758095 22
    endloop
  endfacet
  facet normal 0 0 1
    outer loop
      vertex -11.994116667958442 -4.748806729632344 22
      vertex -11.994116667958442 4.748806729632344 22
      vertex -12.268629060207479 -3.986319227436821 22
    endloop
  endfacet
  facet normal 0 0 1
    outer loop
      vertex -11.672268976811651 -5.492552861189433 22
      vertex -11.672268976811651 5.492552861189433 22
      vertex -11.994116667958442 -4.748806729632344 22
    endloop
  endfacet
  facet normal 0 0 1
    outer loop
      vertex -10.891830238975992 -6.912165655229056 22
      vertex -10.891830238975992 6.912165655229056 22
      vertex -11.304356172565837 -6.214622395912127 22
    endloop
  endfacet
  facet normal 0 0 1
    outer loop
      vertex -11.672268976811651 -5.492552861189433 22
      vertex -11.304356172565837 -6.214622395912127 22
      vertex -11.304356172565837 6.214622395912127 22
    endloop
  endfacet
  facet normal 0 0 1
    outer loop
      vertex -10.891830238975992 -6.912165655229056 22
      vertex -10.43631922743682 -7.582429754572902 22
      vertex -10.43631922743682 7.582429754572902 22
    endloop
  endfacet
  facet normal 0 0 1
    outer loop
      vertex -9.939620831807682 -8.222769467758095 22
      vertex -9.40369529373621 -8.83065766648008 22
      vertex -9.40369529373621 8.83065766648008 22
    endloop
  endfacet
  facet normal 0 0 1
    outer loop
      vertex -8.83065766648008 -9.40369529373621 22
      vertex -8.83065766648008 9.40369529373621 22
      vertex -9.40369529373621 -8.83065766648008 22
    endloop
  endfacet
  facet normal 0 0 1
    outer loop
      vertex -8.83065766648008 -9.40369529373621 22
      vertex -8.222769467758095 -9.939620831807682 22
      vertex -8.222769467758095 9.939620831807682 22
    endloop
  endfacet
  facet normal 0 0 1
    outer loop
      vertex -8.222769467758095 -9.939620831807682 22
      vertex -7.582429754572902 -10.43631922743682 22
      vertex -7.582429754572902 10.43631922743682 22
    endloop
  endfacet
  facet normal 0 0 1
    outer loop
      vertex -7.582429754572902 -10.43631922743682 22
      vertex -6.912165655229056 -10.891830238975992 22
      vertex -6.912165655229056 10.891830238975992 22
    endloop
  endfacet
  facet normal 0 0 1
    outer loop
      vertex -6.912165655229056 -10.891830238975992 22
      vertex -6.214622395912127 -11.304356172565837 22
      vertex -6.214622395912126 11.30435617256584 22
    endloop
  endfacet
  facet normal 0 0 1
    outer loop
      vertex -6.214622395912127 -11.304356172565837 22
      vertex -5.492552861189433 -11.672268976811651 22
      vertex -5.492552861189438 11.67226897681165 22
    endloop
  endfacet
  facet normal 0 0 1
    outer loop
      vertex -4.748806729632344 -11.994116667958442 22
      vertex -4.748806729632344 11.994116667958442 22
      vertex -5.492552861189433 -11.672268976811651 22
    endloop
  endfacet
  facet normal 0 0 1
    outer loop
      vertex -3.208099544426627 -12.494722778559339 22
      vertex -2.41721895815585 -12.671505534400081 22
      vertex -2.465642376882526 -2.039756767195807 22
    endloop
  endfacet
  facet normal 0 0 1
    outer loop
      vertex -3.208099544426627 -12.494722778559339 22
      vertex -2.701849361606448 -1.7146457439327893 22
      vertex -2.804181376140363 -1.5416117571254893 22
    endloop
  endfacet
  facet normal 0 0 1
    outer loop
      vertex -3.208099544426627 -12.494722778559339 22
      vertex -2.588854381999832 -1.880912807335914 22
      vertex -2.701849361606448 -1.7146457439327893 22
    endloop
  endfacet
  facet normal 0 0 1
    outer loop
      vertex -3.208099544426627 -12.494722778559339 22
      vertex -2.465642376882526 -2.039756767195807 22
      vertex -2.588854381999832 -1.880912807335914 22
    endloop
  endfacet
  facet normal 0 0 1
    outer loop
      vertex -3.208099544426627 -12.494722778559339 22
      vertex -2.804181376140363 -1.5416117571254893 22
      vertex -2.8954465678912626 -1.3624937330082318 22
    endloop
  endfacet
  facet normal 0 0 1
    outer loop
      vertex -3.208099544426627 -12.494722778559339 22
      vertex -2.8954465678912626 -1.3624937330082318 22
      vertex -2.975284754842405 -1.1779985685909693 22
    endloop
  endfacet
  facet normal 0 0 1
    outer loop
      vertex -2.41721895815585 -12.671505534400081 22
      vertex -1.6167987129795223 -12.798279646956763 22
      vertex -1.7146457439327893 -2.701849361606448 22
    endloop
  endfacet
  facet normal 0 0 1
    outer loop
      vertex -1.6167987129795223 -12.798279646956763 22
      vertex -0.8099977019281475 -12.874544796724702 22
      vertex -0.9888543819998317 -3.0433808521444914 22
    endloop
  endfacet
  facet normal 0 0 1
    outer loop
      vertex -0.8099977019281475 -12.874544796724702 22
      vertex 0 -12.899999999999999 22
      vertex 0 -3.2 22
    endloop
  endfacet
  facet normal 0 0 1
    outer loop
      vertex -1.6167987129795223 -12.798279646956763 22
      vertex -1.3624937330082318 -2.8954465678912626 22
      vertex -1.5416117571254893 -2.804181376140363 22
    endloop
  endfacet
  facet normal 0 0 1
    outer loop
      vertex -1.6167987129795223 -12.798279646956763 22
      vertex -1.1779985685909693 -2.975284754842405 22
      vertex -1.3624937330082318 -2.8954465678912626 22
    endloop
  endfacet
  facet normal 0 0 1
    outer loop
      vertex -1.6167987129795223 -12.798279646956763 22
      vertex -0.9888543819998317 -3.0433808521444914 22
      vertex -1.1779985685909693 -2.975284754842405 22
    endloop
  endfacet
  facet normal 0 0 1
    outer loop
      vertex -2.41721895815585 -12.671505534400081 22
      vertex -2.039756767195807 -2.465642376882526 22
      vertex -2.1905507389718033 -2.3326996077485176 22
    endloop
  endfacet
  facet normal 0 0 1
    outer loop
      vertex -2.41721895815585 -12.671505534400081 22
      vertex -2.1905507389718033 -2.3326996077485176 22
      vertex -2.3326996077485176 -2.1905507389718033 22
    endloop
  endfacet
  facet normal 0 0 1
    outer loop
      vertex -2.41721895815585 -12.671505534400081 22
      vertex -2.3326996077485176 -2.1905507389718033 22
      vertex -2.465642376882526 -2.039756767195807 22
    endloop
  endfacet
  facet normal 0 0 1
    outer loop
      vertex -2.41721895815585 -12.671505534400081 22
      vertex -1.7146457439327893 -2.701849361606448 22
      vertex -1.880912807335914 -2.588854381999832 22
    endloop
  endfacet
  facet normal 0 0 1
    outer loop
      vertex -2.41721895815585 -12.671505534400081 22
      vertex -1.880912807335914 -2.588854381999832 22
      vertex -2.039756767195807 -2.465642376882526 22
    endloop
  endfacet
  facet normal 0 0 1
    outer loop
      vertex -1.6167987129795223 -12.798279646956763 22
      vertex -1.5416117571254893 -2.804181376140363 22
      vertex -1.7146457439327893 -2.701849361606448 22
    endloop
  endfacet
  facet normal 0 0 1
    outer loop
      vertex -0.8099977019281475 -12.874544796724702 22
      vertex -0.7958076389275356 -3.0994661156116194 22
      vertex -0.9888543819998317 -3.0433808521444914 22
    endloop
  endfacet
  facet normal 0 0 1
    outer loop
      vertex -0.8099977019281475 -12.874544796724702 22
      vertex -0.5996202066743195 -3.1433192023318037 22
      vertex -0.7958076389275356 -3.0994661156116194 22
    endloop
  endfacet
  facet normal 0 0 1
    outer loop
      vertex -0.8099977019281475 -12.874544796724702 22
      vertex 0 -3.2 22
      vertex -0.20092966249380406 -3.1936855309704693 22
    endloop
  endfacet
  facet normal 0 0 1
    outer loop
      vertex -0.8099977019281475 -12.874544796724702 22
      vertex -0.401066347405773 -3.1747670442063294 22
      vertex -0.5996202066743195 -3.1433192023318037 22
    endloop
  endfacet
  facet normal 0 0 1
    outer loop
      vertex -0.8099977019281475 -12.874544796724702 22
      vertex -0.20092966249380406 -3.1936855309704693 22
      vertex -0.401066347405773 -3.1747670442063294 22
    endloop
  endfacet
  facet normal 0 0 1
    outer loop
      vertex -4.748806729632344 -11.994116667958442 22
      vertex -3.986319227436821 -12.268629060207479 22
      vertex -3.986319227436821 12.268629060207479 22
    endloop
  endfacet
  facet normal 0 0 1
    outer loop
      vertex -3.208099544426627 -12.494722778559339 22
      vertex -2.975284754842405 -1.1779985685909693 22
      vertex -3.0433808521444914 -0.9888543819998317 22
    endloop
  endfacet
  facet normal 0 0 1
    outer loop
      vertex -3.208099544426627 -12.494722778559339 22
      vertex -3.0433808521444914 -0.9888543819998317 22
      vertex -3.0994661156116194 -0.7958076389275356 22
    endloop
  endfacet
  facet normal 0 0 1
    outer loop
      vertex -3.208099544426627 -12.494722778559339 22
      vertex -3.0994661156116194 -0.7958076389275356 22
      vertex -3.1433192023318037 -0.5996202066743195 22
    endloop
  endfacet
  facet normal 0 0 1
    outer loop
      vertex -3.208099544426627 -12.494722778559339 22
      vertex -3.1433192023318037 -0.5996202066743195 22
      vertex -3.1747670442063294 -0.401066347405773 22
    endloop
  endfacet
  facet normal 0 0 1
    outer loop
      vertex -3.208099544426627 -12.494722778559339 22
      vertex -3.1747670442063294 -0.401066347405773 22
      vertex -3.1936855309704693 -0.2009296624938025 22
    endloop
  endfacet
  facet normal 0 0 1
    outer loop
      vertex -3.986319227436821 -12.268629060207479 22
      vertex -3.208099544426627 -12.494722778559339 22
      vertex -3.208099544426627 12.494722778559339 22
    endloop
  endfacet
  facet normal 0 0 1
    outer loop
      vertex -3.208099544426627 -12.494722778559339 22
      vertex -3.1936855309704693 -0.2009296624938025 22
      vertex -3.2 0 22
    endloop
  endfacet
  facet normal 0.7901550123756911 0.6129070536529757 0
    outer loop
      vertex -10.43631922743682 -7.582429754572902 22
      vertex -10.43631922743682 -7.582429754572902 30
      vertex -9.939620831807682 -8.222769467758095 22
    endloop
  endfacet
  facet normal 0.8270805742745626 0.5620833778521294 0
    outer loop
      vertex -10.43631922743682 -7.582429754572902 22
      vertex -10.891830238975992 -6.912165655229056 30
      vertex -10.43631922743682 -7.582429754572902 30
    endloop
  endfacet
  facet normal 0.7901550123756911 0.6129070536529757 0
    outer loop
      vertex -9.939620831807682 -8.222769467758095 22
      vertex -10.43631922743682 -7.582429754572902 30
      vertex -9.939620831807682 -8.222769467758095 30
    endloop
  endfacet
  facet normal 0.8607420270039432 0.5090414157503719 -3.2808311784441233e-18
    outer loop
      vertex -10.891830238975992 -6.912165655229056 22
      vertex -11.304356172565837 -6.214622395912127 22
      vertex -11.304356172565837 -6.214622395912127 30
    endloop
  endfacet
  facet normal 0.9177546256839807 0.3971478906347817 6.797966448926982e-19
    outer loop
      vertex -11.672268976811651 -5.492552861189433 22
      vertex -11.994116667958442 -4.748806729632344 22
      vertex -11.994116667958442 -4.748806729632344 30
    endloop
  endfacet
  facet normal 0.8910065241883679 0.4539904997395466 0
    outer loop
      vertex -11.672268976811651 -5.492552861189433 22
      vertex -11.672268976811651 -5.492552861189433 30
      vertex -11.304356172565837 -6.214622395912127 22
    endloop
  endfacet
  facet normal 0.8270805742745626 0.5620833778521294 0
    outer loop
      vertex -10.891830238975992 -6.912165655229056 22
      vertex -10.891830238975992 -6.912165655229056 30
      vertex -10.43631922743682 -7.582429754572902 22
    endloop
  endfacet
  facet normal 0.8607420270039432 0.5090414157503719 0
    outer loop
      vertex -10.891830238975992 -6.912165655229056 22
      vertex -11.304356172565837 -6.214622395912127 30
      vertex -10.891830238975992 -6.912165655229056 30
    endloop
  endfacet
  facet normal 0.9177546256839807 0.3971478906347817 0
    outer loop
      vertex -11.672268976811651 -5.492552861189433 22
      vertex -11.994116667958442 -4.748806729632344 30
      vertex -11.672268976811651 -5.492552861189433 30
    endloop
  endfacet
  facet normal 0.8910065241883679 0.4539904997395466 0
    outer loop
      vertex -11.304356172565837 -6.214622395912127 22
      vertex -11.672268976811651 -5.492552861189433 30
      vertex -11.304356172565837 -6.214622395912127 30
    endloop
  endfacet
  facet normal 0.960293685676943 0.2789911060392296 1.0604840641615946e-18
    outer loop
      vertex -12.268629060207479 -3.986319227436821 22
      vertex -12.494722778559339 -3.208099544426627 22
      vertex -12.494722778559339 -3.208099544426627 30
    endloop
  endfacet
  facet normal 0.9759167619387474 0.21814324139654262 0
    outer loop
      vertex -12.671505534400081 -2.41721895815585 22
      vertex -12.671505534400081 -2.41721895815585 30
      vertex -12.494722778559339 -3.208099544426627 22
    endloop
  endfacet
  facet normal 0.960293685676943 0.2789911060392296 0
    outer loop
      vertex -12.268629060207479 -3.986319227436821 22
      vertex -12.494722778559339 -3.208099544426627 30
      vertex -12.268629060207479 -3.986319227436821 30
    endloop
  endfacet
  facet normal 0.9759167619387474 0.21814324139654262 0
    outer loop
      vertex -12.494722778559339 -3.208099544426627 22
      vertex -12.671505534400081 -2.41721895815585 30
      vertex -12.494722778559339 -3.208099544426627 30
    endloop
  endfacet
  facet normal 0.9876883405951375 0.1564344650402317 -6.807377485675223e-19
    outer loop
      vertex -12.671505534400081 -2.41721895815585 22
      vertex -12.798279646956763 -1.6167987129795223 22
      vertex -12.798279646956763 -1.6167987129795223 30
    endloop
  endfacet
  facet normal 0.99556196460308 0.09410831331851506 4.834105312360174e-19
    outer loop
      vertex -12.798279646956763 -1.6167987129795223 22
      vertex -12.874544796724702 -0.8099977019281411 22
      vertex -12.874544796724702 -0.8099977019281411 30
    endloop
  endfacet
  facet normal 0.9995065603657316 0.031410759078127494 3.706926467354612e-20
    outer loop
      vertex -12.874544796724702 -0.8099977019281411 22
      vertex -12.899999999999999 0 22
      vertex -12.899999999999999 0 30
    endloop
  endfacet
  facet normal 0.9876883405951375 0.1564344650402317 0
    outer loop
      vertex -12.671505534400081 -2.41721895815585 22
      vertex -12.798279646956763 -1.6167987129795223 30
      vertex -12.671505534400081 -2.41721895815585 30
    endloop
  endfacet
  facet normal 0.99556196460308 0.09410831331851506 0
    outer loop
      vertex -12.798279646956763 -1.6167987129795223 22
      vertex -12.874544796724702 -0.8099977019281411 30
      vertex -12.798279646956763 -1.6167987129795223 30
    endloop
  endfacet
  facet normal 0.9995065603657316 0.031410759078127494 0
    outer loop
      vertex -12.874544796724702 -0.8099977019281411 22
      vertex -12.899999999999999 0 30
      vertex -12.874544796724702 -0.8099977019281411 30
    endloop
  endfacet
  facet normal 0.9408807689542259 0.33873792024529004 1.1178740956954245e-18
    outer loop
      vertex -11.994116667958442 -4.748806729632344 22
      vertex -12.268629060207479 -3.986319227436821 22
      vertex -12.268629060207479 -3.986319227436821 30
    endloop
  endfacet
  facet normal 0.9408807689542259 0.33873792024529004 0
    outer loop
      vertex -11.994116667958442 -4.748806729632344 22
      vertex -12.268629060207479 -3.986319227436821 30
      vertex -11.994116667958442 -4.748806729632344 30
    endloop
  endfacet
  facet normal 0.5620833778521294 0.8270805742745626 0
    outer loop
      vertex -7.582429754572902 -10.43631922743682 22
      vertex -7.582429754572902 -10.43631922743682 30
      vertex -6.912165655229056 -10.891830238975992 22
    endloop
  endfacet
  facet normal 0.6129070536529757 0.7901550123756911 2.1740009358484274e-17
    outer loop
      vertex -8.222769467758095 -9.939620831807682 22
      vertex -7.7749999999999995 -10.286946433621226 30
      vertex -7.582429754572902 -10.43631922743682 22
    endloop
  endfacet
  facet normal 0.6129070536529759 0.7901550123756909 0
    outer loop
      vertex -8.222769467758095 -9.939620831807682 22
      vertex -8.222769467758095 -9.939620831807682 30
      vertex -7.7749999999999995 -10.286946433621226 30
    endloop
  endfacet
  facet normal 0.612907053652975 0.7901550123756914 0
    outer loop
      vertex -7.582429754572902 -10.43631922743682 22
      vertex -7.7749999999999995 -10.286946433621226 30
      vertex -7.582429754572902 -10.43631922743682 30
    endloop
  endfacet
  facet normal 0.5090414157503719 0.8607420270039432 -1.060254706057224e-16
    outer loop
      vertex -6.912165655229056 -10.891830238975992 22
      vertex -6.447170816825506 -11.166827419817114 30
      vertex -6.214622395912127 -11.304356172565837 22
    endloop
  endfacet
  facet normal 0.4539904997395466 0.8910065241883679 0
    outer loop
      vertex -6.214622395912127 -11.304356172565837 22
      vertex -6.214622395912127 -11.304356172565837 30
      vertex -5.492552861189433 -11.672268976811651 22
    endloop
  endfacet
  facet normal 0.3971478906347817 0.9177546256839807 -3.4490675914074956e-17
    outer loop
      vertex -4.748806729632344 -11.994116667958442 22
      vertex -5.492552861189433 -11.672268976811651 22
      vertex -5.02065917278644 -11.876475610816293 30
    endloop
  endfacet
  facet normal 0.5090414157503745 0.8607420270039415 0
    outer loop
      vertex -6.214622395912127 -11.304356172565837 22
      vertex -6.447170816825506 -11.166827419817114 30
      vertex -6.214622395912127 -11.304356172565837 30
    endloop
  endfacet
  facet normal 0.5620833778521294 0.8270805742745626 0
    outer loop
      vertex -6.912165655229056 -10.891830238975992 22
      vertex -7.582429754572902 -10.43631922743682 30
      vertex -6.912165655229056 -10.891830238975992 30
    endloop
  endfacet
  facet normal 0.5090414157503707 0.8607420270039441 0
    outer loop
      vertex -6.912165655229056 -10.891830238975992 22
      vertex -6.912165655229056 -10.891830238975992 30
      vertex -6.447170816825506 -11.166827419817114 30
    endloop
  endfacet
  facet normal 0.4539904997395466 0.8910065241883679 0
    outer loop
      vertex -5.492552861189433 -11.672268976811651 22
      vertex -6.214622395912127 -11.304356172565837 30
      vertex -5.492552861189433 -11.672268976811651 30
    endloop
  endfacet
  facet normal 0.3971478906347811 0.9177546256839808 0
    outer loop
      vertex -5.492552861189433 -11.672268976811651 22
      vertex -5.492552861189433 -11.672268976811651 30
      vertex -5.02065917278644 -11.876475610816293 30
    endloop
  endfacet
  facet normal 0.2789911060392296 0.960293685676943 0
    outer loop
      vertex -3.986319227436821 -12.268629060207479 22
      vertex -3.986319227436821 -12.268629060207479 30
      vertex -3.208099544426627 -12.494722778559339 22
    endloop
  endfacet
  facet normal 0.21814324139654262 0.9759167619387474 0
    outer loop
      vertex -3.208099544426627 -12.494722778559339 22
      vertex -3.208099544426627 -12.494722778559339 30
      vertex -2.41721895815585 -12.671505534400081 22
    endloop
  endfacet
  facet normal 0.2789911060392296 0.960293685676943 0
    outer loop
      vertex -3.208099544426627 -12.494722778559339 22
      vertex -3.986319227436821 -12.268629060207479 30
      vertex -3.208099544426627 -12.494722778559339 30
    endloop
  endfacet
  facet normal 0.21814324139654262 0.9759167619387474 0
    outer loop
      vertex -2.41721895815585 -12.671505534400081 22
      vertex -3.208099544426627 -12.494722778559339 30
      vertex -2.41721895815585 -12.671505534400081 30
    endloop
  endfacet
  facet normal 0.33873792024529004 0.9408807689542259 0
    outer loop
      vertex -4.748806729632344 -11.994116667958442 22
      vertex -4.748806729632344 -11.994116667958442 30
      vertex -3.986319227436821 -12.268629060207479 22
    endloop
  endfacet
  facet normal 0.39714789063478256 0.9177546256839803 0
    outer loop
      vertex -4.748806729632344 -11.994116667958442 22
      vertex -5.02065917278644 -11.876475610816293 30
      vertex -4.748806729632344 -11.994116667958442 30
    endloop
  endfacet
  facet normal 0.33873792024529004 0.9408807689542259 0
    outer loop
      vertex -3.986319227436821 -12.268629060207479 22
      vertex -4.748806729632344 -11.994116667958442 30
      vertex -3.986319227436821 -12.268629060207479 30
    endloop
  endfacet
  facet normal 0.1564344650402317 0.9876883405951375 0
    outer loop
      vertex -2.41721895815585 -12.671505534400081 22
      vertex -2.41721895815585 -12.671505534400081 30
      vertex -1.6167987129795223 -12.798279646956763 22
    endloop
  endfacet
  facet normal 0.0941083133185158 0.9955619646030799 0
    outer loop
      vertex -1.6167987129795223 -12.798279646956763 22
      vertex -1.6167987129795223 -12.798279646956763 30
      vertex -0.8099977019281475 -12.874544796724702 22
    endloop
  endfacet
  facet normal 0.03141075907812725 0.9995065603657316 0
    outer loop
      vertex -0.8099977019281475 -12.874544796724702 22
      vertex -0.8099977019281475 -12.874544796724702 30
      vertex 0 -12.899999999999999 22
    endloop
  endfacet
  facet normal 0.1564344650402317 0.9876883405951375 0
    outer loop
      vertex -1.6167987129795223 -12.798279646956763 22
      vertex -2.41721895815585 -12.671505534400081 30
      vertex -1.6167987129795223 -12.798279646956763 30
    endloop
  endfacet
  facet normal 0.0941083133185158 0.9955619646030799 0
    outer loop
      vertex -0.8099977019281475 -12.874544796724702 22
      vertex -1.6167987129795223 -12.798279646956763 30
      vertex -0.8099977019281475 -12.874544796724702 30
    endloop
  endfacet
  facet normal 0.03141075907812725 0.9995065603657316 -1.931990387912297e-19
    outer loop
      vertex -0.8099977019281475 -12.874544796724702 30
      vertex 0 -12.899999999999999 30
      vertex 0 -12.899999999999999 22
    endloop
  endfacet
  facet normal 0.7071067811865476 0.7071067811865476 -4.171711306275643e-18
    outer loop
      vertex -8.83065766648008 -9.40369529373621 22
      vertex -9.40369529373621 -8.83065766648008 22
      vertex -9.40369529373621 -8.83065766648008 30
    endloop
  endfacet
  facet normal 0.6613118653236526 0.7501110696304589 0
    outer loop
      vertex -8.83065766648008 -9.40369529373621 22
      vertex -8.83065766648008 -9.40369529373621 30
      vertex -8.222769467758095 -9.939620831807682 22
    endloop
  endfacet
  facet normal 0.7501110696304589 0.6613118653236526 0
    outer loop
      vertex -9.939620831807682 -8.222769467758095 22
      vertex -9.939620831807682 -8.222769467758095 30
      vertex -9.40369529373621 -8.83065766648008 22
    endloop
  endfacet
  facet normal 0.7501110696304589 0.6613118653236526 0
    outer loop
      vertex -9.40369529373621 -8.83065766648008 22
      vertex -9.939620831807682 -8.222769467758095 30
      vertex -9.40369529373621 -8.83065766648008 30
    endloop
  endfacet
  facet normal 0.7071067811865476 0.7071067811865476 0
    outer loop
      vertex -8.83065766648008 -9.40369529373621 22
      vertex -9.40369529373621 -8.83065766648008 30
      vertex -8.83065766648008 -9.40369529373621 30
    endloop
  endfacet
  facet normal 0.6613118653236526 0.7501110696304589 0
    outer loop
      vertex -8.222769467758095 -9.939620831807682 22
      vertex -8.83065766648008 -9.40369529373621 30
      vertex -8.222769467758095 -9.939620831807682 30
    endloop
  endfacet
  facet normal 0 0 1
    outer loop
      vertex -12.874544796724702 -0.8099977019281411 22
      vertex -12.874544796724702 0.8099977019281411 22
      vertex -12.899999999999999 0 22
    endloop
  endfacet
  facet normal 0 0 1
    outer loop
      vertex -12.874544796724702 -0.8099977019281411 22
      vertex -12.798279646956763 1.6167987129795223 22
      vertex -12.874544796724702 0.8099977019281411 22
    endloop
  endfacet
  facet normal 0 0 1
    outer loop
      vertex -12.798279646956763 -1.6167987129795223 22
      vertex -12.671505534400081 2.41721895815585 22
      vertex -12.798279646956763 1.6167987129795223 22
    endloop
  endfacet
  facet normal 0 0 1
    outer loop
      vertex -12.671505534400081 -2.41721895815585 22
      vertex -12.494722778559339 3.208099544426627 22
      vertex -12.671505534400081 2.41721895815585 22
    endloop
  endfacet
  facet normal 0 0 1
    outer loop
      vertex -12.494722778559339 -3.208099544426627 22
      vertex -12.268629060207479 3.986319227436821 22
      vertex -12.494722778559339 3.208099544426627 22
    endloop
  endfacet
  facet normal 0 0 1
    outer loop
      vertex -12.268629060207479 -3.986319227436821 22
      vertex -11.994116667958442 4.748806729632344 22
      vertex -12.268629060207479 3.986319227436821 22
    endloop
  endfacet
  facet normal 0 0 1
    outer loop
      vertex -11.994116667958442 -4.748806729632344 22
      vertex -11.672268976811651 5.492552861189433 22
      vertex -11.994116667958442 4.748806729632344 22
    endloop
  endfacet
  facet normal 0 0 1
    outer loop
      vertex -11.672268976811651 -5.492552861189433 22
      vertex -11.304356172565837 6.214622395912127 22
      vertex -11.672268976811651 5.492552861189433 22
    endloop
  endfacet
  facet normal 0 0 1
    outer loop
      vertex -11.304356172565837 -6.214622395912127 22
      vertex -10.891830238975992 6.912165655229056 22
      vertex -11.304356172565837 6.214622395912127 22
    endloop
  endfacet
  facet normal 0 0 1
    outer loop
      vertex -10.891830238975992 -6.912165655229056 22
      vertex -10.43631922743682 7.582429754572902 22
      vertex -10.891830238975992 6.912165655229056 22
    endloop
  endfacet
  facet normal 0 0 1
    outer loop
      vertex -10.43631922743682 -7.582429754572902 22
      vertex -9.939620831807682 8.222769467758095 22
      vertex -10.43631922743682 7.582429754572902 22
    endloop
  endfacet
  facet normal 0 0 1
    outer loop
      vertex -9.939620831807682 -8.222769467758095 22
      vertex -9.40369529373621 8.83065766648008 22
      vertex -9.939620831807682 8.222769467758095 22
    endloop
  endfacet
  facet normal 0 0 1
    outer loop
      vertex -9.40369529373621 -8.83065766648008 22
      vertex -8.83065766648008 9.40369529373621 22
      vertex -9.40369529373621 8.83065766648008 22
    endloop
  endfacet
  facet normal 0 0 1
    outer loop
      vertex -8.83065766648008 -9.40369529373621 22
      vertex -8.222769467758095 9.939620831807682 22
      vertex -8.83065766648008 9.40369529373621 22
    endloop
  endfacet
  facet normal 0 0 1
    outer loop
      vertex -8.222769467758095 -9.939620831807682 22
      vertex -7.582429754572902 10.43631922743682 22
      vertex -8.222769467758095 9.939620831807682 22
    endloop
  endfacet
  facet normal 0 0 1
    outer loop
      vertex -7.582429754572902 -10.43631922743682 22
      vertex -6.912165655229056 10.891830238975992 22
      vertex -7.582429754572902 10.43631922743682 22
    endloop
  endfacet
  facet normal 0 0 1
    outer loop
      vertex -6.912165655229056 -10.891830238975992 22
      vertex -6.214622395912126 11.30435617256584 22
      vertex -6.912165655229056 10.891830238975992 22
    endloop
  endfacet
  facet normal 0 0 1
    outer loop
      vertex -6.214622395912127 -11.304356172565837 22
      vertex -5.492552861189438 11.67226897681165 22
      vertex -6.214622395912126 11.30435617256584 22
    endloop
  endfacet
  facet normal 0 0 1
    outer loop
      vertex -5.492552861189433 -11.672268976811651 22
      vertex -4.748806729632344 11.994116667958442 22
      vertex -5.492552861189438 11.67226897681165 22
    endloop
  endfacet
  facet normal 0 0 1
    outer loop
      vertex -3.208099544426627 -12.494722778559339 22
      vertex -3.2 0 22
      vertex -3.208099544426627 12.494722778559339 22
    endloop
  endfacet
  facet normal 0 0 1
    outer loop
      vertex -4.748806729632344 -11.994116667958442 22
      vertex -3.986319227436821 12.268629060207479 22
      vertex -4.748806729632344 11.994116667958442 22
    endloop
  endfacet
  facet normal 0 0 1
    outer loop
      vertex -3.986319227436821 -12.268629060207479 22
      vertex -3.208099544426627 12.494722778559339 22
      vertex -3.986319227436821 12.268629060207479 22
    endloop
  endfacet
  facet normal 0 0 1
    outer loop
      vertex -3.2 0 22
      vertex -3.1936855309704693 0.2009296624938025 22
      vertex -3.208099544426627 12.494722778559339 22
    endloop
  endfacet
  facet normal 0 0 1
    outer loop
      vertex -3.1936855309704693 0.2009296624938025 22
      vertex -3.1747670442063294 0.401066347405773 22
      vertex -3.208099544426627 12.494722778559339 22
    endloop
  endfacet
  facet normal 0 0 1
    outer loop
      vertex -3.1747670442063294 0.401066347405773 22
      vertex -3.1433192023318037 0.5996202066743195 22
      vertex -3.208099544426627 12.494722778559339 22
    endloop
  endfacet
  facet normal 0 0 1
    outer loop
      vertex -3.1433192023318037 0.5996202066743195 22
      vertex -3.0994661156116194 0.7958076389275356 22
      vertex -3.208099544426627 12.494722778559339 22
    endloop
  endfacet
  facet normal 0 0 1
    outer loop
      vertex -3.0994661156116194 0.7958076389275356 22
      vertex -3.0433808521444914 0.9888543819998317 22
      vertex -3.208099544426627 12.494722778559339 22
    endloop
  endfacet
  facet normal 0 0 1
    outer loop
      vertex -3.0433808521444914 0.9888543819998317 22
      vertex -2.975284754842405 1.1779985685909693 22
      vertex -3.208099544426627 12.494722778559339 22
    endloop
  endfacet
  facet normal 0 0 1
    outer loop
      vertex -2.975284754842405 1.1779985685909693 22
      vertex -2.8954465678912626 1.3624937330082318 22
      vertex -3.208099544426627 12.494722778559339 22
    endloop
  endfacet
  facet normal 0 0 1
    outer loop
      vertex -2.8954465678912626 1.3624937330082318 22
      vertex -2.804181376140363 1.5416117571254893 22
      vertex -3.208099544426627 12.494722778559339 22
    endloop
  endfacet
  facet normal 0 0 1
    outer loop
      vertex -2.804181376140363 1.5416117571254893 22
      vertex -2.701849361606448 1.7146457439327893 22
      vertex -3.208099544426627 12.494722778559339 22
    endloop
  endfacet
  facet normal 0 0 1
    outer loop
      vertex -2.701849361606448 1.7146457439327893 22
      vertex -2.588854381999832 1.880912807335914 22
      vertex -2.4172189581558468 12.671505534400083 22
    endloop
  endfacet
  facet normal 0 0 1
    outer loop
      vertex -2.588854381999832 1.880912807335914 22
      vertex -2.465642376882526 2.039756767195807 22
      vertex -2.4172189581558468 12.671505534400083 22
    endloop
  endfacet
  facet normal 0 0 1
    outer loop
      vertex -2.701849361606448 1.7146457439327893 22
      vertex -2.4172189581558468 12.671505534400083 22
      vertex -3.208099544426627 12.494722778559339 22
    endloop
  endfacet
  facet normal 0 0 1
    outer loop
      vertex -2.465642376882526 2.039756767195807 22
      vertex -2.3326996077485176 2.1905507389718033 22
      vertex -2.4172189581558468 12.671505534400083 22
    endloop
  endfacet
  facet normal 0 0 1
    outer loop
      vertex -2.3326996077485176 2.1905507389718033 22
      vertex -2.1905507389718033 2.3326996077485176 22
      vertex -2.4172189581558468 12.671505534400083 22
    endloop
  endfacet
  facet normal 0 0 1
    outer loop
      vertex -2.1905507389718033 2.3326996077485176 22
      vertex -2.039756767195807 2.465642376882526 22
      vertex -2.4172189581558468 12.671505534400083 22
    endloop
  endfacet
  facet normal 0 0 1
    outer loop
      vertex -2.039756767195807 2.465642376882526 22
      vertex -1.880912807335914 2.588854381999832 22
      vertex -2.4172189581558468 12.671505534400083 22
    endloop
  endfacet
  facet normal 0 0 1
    outer loop
      vertex -1.880912807335914 2.588854381999832 22
      vertex -1.7146457439327893 2.701849361606448 22
      vertex -1.6167987129795252 12.798279646956763 22
    endloop
  endfacet
  facet normal 0 0 1
    outer loop
      vertex -1.7146457439327893 2.701849361606448 22
      vertex -1.5416117571254888 2.8041813761403636 22
      vertex -1.6167987129795252 12.798279646956763 22
    endloop
  endfacet
  facet normal 0 0 1
    outer loop
      vertex -1.5416117571254888 2.8041813761403636 22
      vertex -1.3624937330082327 2.8954465678912626 22
      vertex -1.6167987129795252 12.798279646956763 22
    endloop
  endfacet
  facet normal 0 0 1
    outer loop
      vertex -1.3624937330082327 2.8954465678912626 22
      vertex -1.1779985685909693 2.975284754842405 22
      vertex -1.6167987129795252 12.798279646956763 22
    endloop
  endfacet
  facet normal 0 0 1
    outer loop
      vertex -1.1779985685909693 2.975284754842405 22
      vertex -0.9888543819998317 3.0433808521444914 22
      vertex -1.6167987129795252 12.798279646956763 22
    endloop
  endfacet
  facet normal 0 0 1
    outer loop
      vertex -0.9888543819998317 3.0433808521444914 22
      vertex -0.7958076389275356 3.0994661156116194 22
      vertex -0.8099977019281411 12.874544796724702 22
    endloop
  endfacet
  facet normal 0 0 1
    outer loop
      vertex -0.7958076389275356 3.0994661156116194 22
      vertex -0.5996202066743187 3.143319202331804 22
      vertex -0.8099977019281411 12.874544796724702 22
    endloop
  endfacet
  facet normal 0 0 1
    outer loop
      vertex -0.5996202066743187 3.143319202331804 22
      vertex -0.40106634740577374 3.1747670442063294 22
      vertex -0.8099977019281411 12.874544796724702 22
    endloop
  endfacet
  facet normal 0 0 1
    outer loop
      vertex -0.40106634740577374 3.1747670442063294 22
      vertex -0.2009296624938025 3.1936855309704693 22
      vertex -0.8099977019281411 12.874544796724702 22
    endloop
  endfacet
  facet normal 0 0 1
    outer loop
      vertex -0.2009296624938025 3.1936855309704693 22
      vertex 0 3.2 22
      vertex 0 12.899999999999999 22
    endloop
  endfacet
  facet normal 0 0 1
    outer loop
      vertex -1.880912807335914 2.588854381999832 22
      vertex -1.6167987129795252 12.798279646956763 22
      vertex -2.4172189581558468 12.671505534400083 22
    endloop
  endfacet
  facet normal 0 0 1
    outer loop
      vertex -0.9888543819998317 3.0433808521444914 22
      vertex -0.8099977019281411 12.874544796724702 22
      vertex -1.6167987129795252 12.798279646956763 22
    endloop
  endfacet
  facet normal 0 0 1
    outer loop
      vertex -0.2009296624938025 3.1936855309704693 22
      vertex 0 12.899999999999999 22
      vertex -0.8099977019281411 12.874544796724702 22
    endloop
  endfacet
  facet normal 0.9995065603657316 -0.031410759078127494 -3.706926467354612e-20
    outer loop
      vertex -12.899999999999999 0 22
      vertex -12.874544796724702 0.8099977019281411 22
      vertex -12.874544796724702 0.8099977019281411 30
    endloop
  endfacet
  facet normal 0.99556196460308 -0.09410831331851506 -4.834105312360174e-19
    outer loop
      vertex -12.874544796724702 0.8099977019281411 22
      vertex -12.798279646956763 1.6167987129795223 22
      vertex -12.798279646956763 1.6167987129795223 30
    endloop
  endfacet
  facet normal 0.9876883405951375 -0.1564344650402317 6.807377485675223e-19
    outer loop
      vertex -12.798279646956763 1.6167987129795223 22
      vertex -12.671505534400081 2.41721895815585 22
      vertex -12.671505534400081 2.41721895815585 30
    endloop
  endfacet
  facet normal 0.9995065603657316 -0.031410759078127494 0
    outer loop
      vertex -12.899999999999999 0 22
      vertex -12.874544796724702 0.8099977019281411 30
      vertex -12.899999999999999 0 30
    endloop
  endfacet
  facet normal 0.99556196460308 -0.09410831331851506 0
    outer loop
      vertex -12.874544796724702 0.8099977019281411 22
      vertex -12.798279646956763 1.6167987129795223 30
      vertex -12.874544796724702 0.8099977019281411 30
    endloop
  endfacet
  facet normal 0.9876883405951375 -0.1564344650402317 0
    outer loop
      vertex -12.798279646956763 1.6167987129795223 22
      vertex -12.671505534400081 2.41721895815585 30
      vertex -12.798279646956763 1.6167987129795223 30
    endloop
  endfacet
  facet normal 0.9759167619387474 -0.21814324139654262 1.9270350951478122e-18
    outer loop
      vertex -12.671505534400081 2.41721895815585 22
      vertex -12.494722778559339 3.208099544426627 22
      vertex -12.494722778559339 3.208099544426627 30
    endloop
  endfacet
  facet normal 0.960293685676943 -0.2789911060392296 -1.0604840641615946e-18
    outer loop
      vertex -12.494722778559339 3.208099544426627 22
      vertex -12.268629060207479 3.986319227436821 22
      vertex -12.268629060207479 3.986319227436821 30
    endloop
  endfacet
  facet normal 0.9759167619387474 -0.21814324139654262 0
    outer loop
      vertex -12.671505534400081 2.41721895815585 22
      vertex -12.494722778559339 3.208099544426627 30
      vertex -12.671505534400081 2.41721895815585 30
    endloop
  endfacet
  facet normal 0.960293685676943 -0.2789911060392296 0
    outer loop
      vertex -12.494722778559339 3.208099544426627 22
      vertex -12.268629060207479 3.986319227436821 30
      vertex -12.494722778559339 3.208099544426627 30
    endloop
  endfacet
  facet normal 0.9408807689542259 -0.33873792024529004 -1.1178740956954245e-18
    outer loop
      vertex -12.268629060207479 3.986319227436821 22
      vertex -11.994116667958442 4.748806729632344 22
      vertex -11.994116667958442 4.748806729632344 30
    endloop
  endfacet
  facet normal 0.9408807689542259 -0.33873792024529004 0
    outer loop
      vertex -12.268629060207479 3.986319227436821 22
      vertex -11.994116667958442 4.748806729632344 30
      vertex -12.268629060207479 3.986319227436821 30
    endloop
  endfacet
  facet normal 0.9177546256839807 -0.3971478906347817 -6.797966448926982e-19
    outer loop
      vertex -11.994116667958442 4.748806729632344 22
      vertex -11.672268976811651 5.492552861189433 22
      vertex -11.672268976811651 5.492552861189433 30
    endloop
  endfacet
  facet normal 0.8910065241883679 -0.4539904997395466 -1.3956096120485745e-18
    outer loop
      vertex -11.672268976811651 5.492552861189433 22
      vertex -11.304356172565837 6.214622395912127 22
      vertex -11.304356172565837 6.214622395912127 30
    endloop
  endfacet
  facet normal 0.8607420270039432 -0.5090414157503719 3.2808311784441233e-18
    outer loop
      vertex -11.304356172565837 6.214622395912127 22
      vertex -10.891830238975992 6.912165655229056 22
      vertex -10.891830238975992 6.912165655229056 30
    endloop
  endfacet
  facet normal 0.9177546256839807 -0.3971478906347817 0
    outer loop
      vertex -11.994116667958442 4.748806729632344 22
      vertex -11.672268976811651 5.492552861189433 30
      vertex -11.994116667958442 4.748806729632344 30
    endloop
  endfacet
  facet normal 0.8910065241883679 -0.4539904997395466 0
    outer loop
      vertex -11.672268976811651 5.492552861189433 22
      vertex -11.304356172565837 6.214622395912127 30
      vertex -11.672268976811651 5.492552861189433 30
    endloop
  endfacet
  facet normal 0.8607420270039432 -0.5090414157503719 0
    outer loop
      vertex -11.304356172565837 6.214622395912127 22
      vertex -10.891830238975992 6.912165655229056 30
      vertex -11.304356172565837 6.214622395912127 30
    endloop
  endfacet
  facet normal 0.8270805742745626 -0.5620833778521294 0
    outer loop
      vertex -10.891830238975992 6.912165655229056 22
      vertex -10.43631922743682 7.582429754572902 30
      vertex -10.891830238975992 6.912165655229056 30
    endloop
  endfacet
  facet normal 0.8270805742745626 -0.5620833778521294 -8.22906274345699e-20
    outer loop
      vertex -10.891830238975992 6.912165655229056 22
      vertex -10.43631922743682 7.582429754572902 22
      vertex -10.43631922743682 7.582429754572902 30
    endloop
  endfacet
  facet normal 0.7901550123756911 -0.6129070536529757 3.292767290411145e-18
    outer loop
      vertex -10.43631922743682 7.582429754572902 22
      vertex -9.939620831807682 8.222769467758095 22
      vertex -9.939620831807682 8.222769467758095 30
    endloop
  endfacet
  facet normal 0.7901550123756911 -0.6129070536529757 0
    outer loop
      vertex -10.43631922743682 7.582429754572902 22
      vertex -9.939620831807682 8.222769467758095 30
      vertex -10.43631922743682 7.582429754572902 30
    endloop
  endfacet
  facet normal 0.7501110696304589 -0.6613118653236526 -3.472250116920053e-18
    outer loop
      vertex -9.939620831807682 8.222769467758095 22
      vertex -9.40369529373621 8.83065766648008 22
      vertex -9.40369529373621 8.83065766648008 30
    endloop
  endfacet
  facet normal 0.7071067811865476 -0.7071067811865476 4.171711306275643e-18
    outer loop
      vertex -9.40369529373621 8.83065766648008 22
      vertex -8.83065766648008 9.40369529373621 22
      vertex -8.83065766648008 9.40369529373621 30
    endloop
  endfacet
  facet normal 0.6613118653236526 -0.7501110696304589 -3.472250116920053e-18
    outer loop
      vertex -8.83065766648008 9.40369529373621 22
      vertex -8.222769467758095 9.939620831807682 22
      vertex -8.222769467758095 9.939620831807682 30
    endloop
  endfacet
  facet normal 0.7501110696304589 -0.6613118653236526 0
    outer loop
      vertex -9.939620831807682 8.222769467758095 22
      vertex -9.40369529373621 8.83065766648008 30
      vertex -9.939620831807682 8.222769467758095 30
    endloop
  endfacet
  facet normal 0.7071067811865476 -0.7071067811865476 0
    outer loop
      vertex -9.40369529373621 8.83065766648008 22
      vertex -8.83065766648008 9.40369529373621 30
      vertex -9.40369529373621 8.83065766648008 30
    endloop
  endfacet
  facet normal 0.6613118653236526 -0.7501110696304589 0
    outer loop
      vertex -8.83065766648008 9.40369529373621 22
      vertex -8.222769467758095 9.939620831807682 30
      vertex -8.83065766648008 9.40369529373621 30
    endloop
  endfacet
  facet normal 0.6129070536529757 -0.7901550123756911 2.212454840668402e-17
    outer loop
      vertex -8.222769467758095 9.939620831807682 22
      vertex -7.582429754572902 10.43631922743682 22
      vertex -7.7749999999999995 10.286946433621226 30
    endloop
  endfacet
  facet normal 0.6129070536529759 -0.7901550123756909 0
    outer loop
      vertex -8.222769467758095 9.939620831807682 22
      vertex -7.7749999999999995 10.286946433621226 30
      vertex -8.222769467758095 9.939620831807682 30
    endloop
  endfacet
  facet normal 0.612907053652975 -0.7901550123756914 0
    outer loop
      vertex -7.582429754572902 10.43631922743682 22
      vertex -7.582429754572902 10.43631922743682 30
      vertex -7.7749999999999995 10.286946433621226 30
    endloop
  endfacet
  facet normal 0.5620833778521294 -0.8270805742745626 0
    outer loop
      vertex -7.582429754572902 10.43631922743682 22
      vertex -6.912165655229056 10.891830238975992 30
      vertex -7.582429754572902 10.43631922743682 30
    endloop
  endfacet
  facet normal 0.5620833778521294 -0.8270805742745626 -8.22906274345699e-20
    outer loop
      vertex -7.582429754572902 10.43631922743682 22
      vertex -6.912165655229056 10.891830238975992 22
      vertex -6.912165655229056 10.891830238975992 30
    endloop
  endfacet
  facet normal 0.5090414157503725 -0.8607420270039429 -8.101301309177021e-19
    outer loop
      vertex -6.912165655229056 10.891830238975992 22
      vertex -6.214622395912126 11.30435617256584 22
      vertex -6.214622395912126 11.30435617256584 30
    endloop
  endfacet
  facet normal 0.45399049973954625 -0.8910065241883682 3.581808954989639e-18
    outer loop
      vertex -6.214622395912126 11.30435617256584 22
      vertex -5.492552861189438 11.67226897681165 22
      vertex -5.492552861189438 11.67226897681165 30
    endloop
  endfacet
  facet normal 0.3971478906347815 -0.9177546256839807 -2.714461315644871e-19
    outer loop
      vertex -5.492552861189438 11.67226897681165 22
      vertex -4.748806729632344 11.994116667958442 22
      vertex -4.748806729632344 11.994116667958442 30
    endloop
  endfacet
  facet normal 0.5090414157503725 -0.8607420270039429 0
    outer loop
      vertex -6.912165655229056 10.891830238975992 22
      vertex -6.214622395912126 11.30435617256584 30
      vertex -6.912165655229056 10.891830238975992 30
    endloop
  endfacet
  facet normal 0.45399049973954625 -0.8910065241883682 0
    outer loop
      vertex -6.214622395912126 11.30435617256584 22
      vertex -5.492552861189438 11.67226897681165 30
      vertex -6.214622395912126 11.30435617256584 30
    endloop
  endfacet
  facet normal 0.3971478906347815 -0.9177546256839807 0
    outer loop
      vertex -5.492552861189438 11.67226897681165 22
      vertex -4.748806729632344 11.994116667958442 30
      vertex -5.492552861189438 11.67226897681165 30
    endloop
  endfacet
  facet normal 0.33873792024529004 -0.9408807689542259 -1.1178740956954245e-18
    outer loop
      vertex -4.748806729632344 11.994116667958442 22
      vertex -3.986319227436821 12.268629060207479 22
      vertex -3.986319227436821 12.268629060207479 30
    endloop
  endfacet
  facet normal 0.33873792024529004 -0.9408807689542259 0
    outer loop
      vertex -4.748806729632344 11.994116667958442 22
      vertex -3.986319227436821 12.268629060207479 30
      vertex -4.748806729632344 11.994116667958442 30
    endloop
  endfacet
  facet normal 0.2789911060392296 -0.960293685676943 -1.0604840641615946e-18
    outer loop
      vertex -3.986319227436821 12.268629060207479 22
      vertex -3.208099544426627 12.494722778559339 22
      vertex -3.208099544426627 12.494722778559339 30
    endloop
  endfacet
  facet normal 0.2181432413965439 -0.9759167619387471 -5.730540523501413e-19
    outer loop
      vertex -3.208099544426627 12.494722778559339 22
      vertex -2.4172189581558468 12.671505534400083 22
      vertex -2.4172189581558468 12.671505534400083 30
    endloop
  endfacet
  facet normal 0.2789911060392296 -0.960293685676943 0
    outer loop
      vertex -3.986319227436821 12.268629060207479 22
      vertex -3.208099544426627 12.494722778559339 30
      vertex -3.986319227436821 12.268629060207479 30
    endloop
  endfacet
  facet normal 0.2181432413965439 -0.9759167619387471 0
    outer loop
      vertex -3.208099544426627 12.494722778559339 22
      vertex -2.4172189581558468 12.671505534400083 30
      vertex -3.208099544426627 12.494722778559339 30
    endloop
  endfacet
  facet normal 0.15643446504023073 -0.9876883405951379 2.093641822123882e-19
    outer loop
      vertex -2.4172189581558468 12.671505534400083 22
      vertex -1.6167987129795252 12.798279646956763 22
      vertex -1.6167987129795252 12.798279646956763 30
    endloop
  endfacet
  facet normal 0.09410831331851473 -0.99556196460308 2.9394473302753874e-19
    outer loop
      vertex -1.6167987129795252 12.798279646956763 22
      vertex -0.8099977019281411 12.874544796724702 22
      vertex -0.8099977019281411 12.874544796724702 30
    endloop
  endfacet
  facet normal 0.031410759078127494 -0.9995065603657316 -3.706926467354612e-20
    outer loop
      vertex -0.8099977019281411 12.874544796724702 22
      vertex 0 12.899999999999999 22
      vertex 0 12.899999999999999 30
    endloop
  endfacet
  facet normal 0.15643446504023073 -0.9876883405951379 0
    outer loop
      vertex -2.4172189581558468 12.671505534400083 22
      vertex -1.6167987129795252 12.798279646956763 30
      vertex -2.4172189581558468 12.671505534400083 30
    endloop
  endfacet
  facet normal 0.09410831331851473 -0.99556196460308 0
    outer loop
      vertex -1.6167987129795252 12.798279646956763 22
      vertex -0.8099977019281411 12.874544796724702 30
      vertex -1.6167987129795252 12.798279646956763 30
    endloop
  endfacet
  facet normal 0.031410759078127494 -0.9995065603657316 0
    outer loop
      vertex -0.8099977019281411 12.874544796724702 22
      vertex 0 12.899999999999999 30
      vertex -0.8099977019281411 12.874544796724702 30
    endloop
  endfacet
  facet normal 0 0 1
    outer loop
      vertex 0 -12.899999999999999 22
      vertex 0.8099977019281475 -12.874544796724702 22
      vertex 0.20092966249380406 -3.1936855309704693 22
    endloop
  endfacet
  facet normal 0 0 1
    outer loop
      vertex 0.8099977019281475 -12.874544796724702 22
      vertex 1.6167987129795223 -12.798279646956763 22
      vertex 0.9888543819998317 -3.0433808521444914 22
    endloop
  endfacet
  facet normal 0 0 1
    outer loop
      vertex 1.6167987129795223 -12.798279646956763 22
      vertex 2.41721895815585 -12.671505534400081 22
      vertex 1.880912807335914 -2.588854381999832 22
    endloop
  endfacet
  facet normal 0 0 1
    outer loop
      vertex 0 -12.899999999999999 22
      vertex 0.20092966249380406 -3.1936855309704693 22
      vertex 0 -3.2 22
    endloop
  endfacet
  facet normal 0 0 1
    outer loop
      vertex 0.8099977019281475 -12.874544796724702 22
      vertex 0.401066347405773 -3.1747670442063294 22
      vertex 0.20092966249380406 -3.1936855309704693 22
    endloop
  endfacet
  facet normal 0 0 1
    outer loop
      vertex 0.8099977019281475 -12.874544796724702 22
      vertex 0.5996202066743195 -3.1433192023318037 22
      vertex 0.401066347405773 -3.1747670442063294 22
    endloop
  endfacet
  facet normal 0 0 1
    outer loop
      vertex 0.8099977019281475 -12.874544796724702 22
      vertex 0.7958076389275343 -3.09946611561162 22
      vertex 0.5996202066743195 -3.1433192023318037 22
    endloop
  endfacet
  facet normal 0 0 1
    outer loop
      vertex 0.8099977019281475 -12.874544796724702 22
      vertex 0.9888543819998317 -3.0433808521444914 22
      vertex 0.7958076389275343 -3.09946611561162 22
    endloop
  endfacet
  facet normal 0 0 1
    outer loop
      vertex 1.6167987129795223 -12.798279646956763 22
      vertex 1.1779985685909709 -2.975284754842404 22
      vertex 0.9888543819998317 -3.0433808521444914 22
    endloop
  endfacet
  facet normal 0 0 1
    outer loop
      vertex 1.6167987129795223 -12.798279646956763 22
      vertex 1.3624937330082318 -2.8954465678912626 22
      vertex 1.1779985685909709 -2.975284754842404 22
    endloop
  endfacet
  facet normal 0 0 1
    outer loop
      vertex 1.6167987129795223 -12.798279646956763 22
      vertex 1.5416117571254893 -2.804181376140363 22
      vertex 1.3624937330082318 -2.8954465678912626 22
    endloop
  endfacet
  facet normal 0 0 1
    outer loop
      vertex 1.6167987129795223 -12.798279646956763 22
      vertex 1.714645743932788 -2.701849361606449 22
      vertex 1.5416117571254893 -2.804181376140363 22
    endloop
  endfacet
  facet normal 0 0 1
    outer loop
      vertex 1.6167987129795223 -12.798279646956763 22
      vertex 1.880912807335914 -2.588854381999832 22
      vertex 1.714645743932788 -2.701849361606449 22
    endloop
  endfacet
  facet normal 0 0 1
    outer loop
      vertex 2.41721895815585 -12.671505534400081 22
      vertex 2.039756767195808 -2.465642376882525 22
      vertex 1.880912807335914 -2.588854381999832 22
    endloop
  endfacet
  facet normal 0 0 1
    outer loop
      vertex 2.41721895815585 -12.671505534400081 22
      vertex 2.1905507389718033 -2.3326996077485176 22
      vertex 2.039756767195808 -2.465642376882525 22
    endloop
  endfacet
  facet normal 0 0 1
    outer loop
      vertex 2.41721895815585 -12.671505534400081 22
      vertex 2.3326996077485176 -2.1905507389718033 22
      vertex 2.1905507389718033 -2.3326996077485176 22
    endloop
  endfacet
  facet normal 0 0 1
    outer loop
      vertex 2.41721895815585 -12.671505534400081 22
      vertex 2.465642376882525 -2.039756767195808 22
      vertex 2.3326996077485176 -2.1905507389718033 22
    endloop
  endfacet
  facet normal 0 0 1
    outer loop
      vertex 2.41721895815585 -12.671505534400081 22
      vertex 3.208099544426622 -12.49472277855934 22
      vertex 2.701849361606449 -1.714645743932788 22
    endloop
  endfacet
  facet normal 0 0 1
    outer loop
      vertex 2.41721895815585 -12.671505534400081 22
      vertex 2.588854381999832 -1.880912807335914 22
      vertex 2.465642376882525 -2.039756767195808 22
    endloop
  endfacet
  facet normal 0 0 1
    outer loop
      vertex 2.41721895815585 -12.671505534400081 22
      vertex 2.701849361606449 -1.714645743932788 22
      vertex 2.588854381999832 -1.880912807335914 22
    endloop
  endfacet
  facet normal 0 0 1
    outer loop
      vertex 3.208099544426622 -12.49472277855934 22
      vertex 2.804181376140363 -1.5416117571254893 22
      vertex 2.701849361606449 -1.714645743932788 22
    endloop
  endfacet
  facet normal 0 0 1
    outer loop
      vertex 3.208099544426622 -12.49472277855934 22
      vertex 2.8954465678912626 -1.3624937330082318 22
      vertex 2.804181376140363 -1.5416117571254893 22
    endloop
  endfacet
  facet normal 0 0 1
    outer loop
      vertex 3.208099544426622 -12.49472277855934 22
      vertex 2.975284754842404 -1.1779985685909709 22
      vertex 2.8954465678912626 -1.3624937330082318 22
    endloop
  endfacet
  facet normal 0 0 1
    outer loop
      vertex 3.208099544426622 -12.49472277855934 22
      vertex 3.0433808521444914 -0.9888543819998317 22
      vertex 2.975284754842404 -1.1779985685909709 22
    endloop
  endfacet
  facet normal 0 0 1
    outer loop
      vertex 3.208099544426622 -12.49472277855934 22
      vertex 3.09946611561162 -0.7958076389275343 22
      vertex 3.0433808521444914 -0.9888543819998317 22
    endloop
  endfacet
  facet normal 0 0 1
    outer loop
      vertex 3.208099544426622 -12.49472277855934 22
      vertex 3.1433192023318037 -0.5996202066743195 22
      vertex 3.09946611561162 -0.7958076389275343 22
    endloop
  endfacet
  facet normal 0 0 1
    outer loop
      vertex 3.208099544426622 -12.49472277855934 22
      vertex 3.1747670442063294 -0.401066347405773 22
      vertex 3.1433192023318037 -0.5996202066743195 22
    endloop
  endfacet
  facet normal 0 0 1
    outer loop
      vertex 3.208099544426622 -12.49472277855934 22
      vertex 3.1936855309704693 -0.20092966249380406 22
      vertex 3.1747670442063294 -0.401066347405773 22
    endloop
  endfacet
  facet normal 0 0 1
    outer loop
      vertex 3.208099544426622 -12.49472277855934 22
      vertex 3.2 0 22
      vertex 3.1936855309704693 -0.20092966249380406 22
    endloop
  endfacet
  facet normal 0 0 1
    outer loop
      vertex 3.208099544426622 -12.49472277855934 22
      vertex 3.986319227436821 -12.268629060207479 22
      vertex 3.986319227436821 12.268629060207479 22
    endloop
  endfacet
  facet normal 0 0 1
    outer loop
      vertex 3.986319227436821 -12.268629060207479 22
      vertex 4.74880672963235 -11.994116667958439 22
      vertex 4.748806729632344 11.994116667958442 22
    endloop
  endfacet
  facet normal 0 0 1
    outer loop
      vertex 4.74880672963235 -11.994116667958439 22
      vertex 5.492552861189433 -11.672268976811651 22
      vertex 5.492552861189438 11.67226897681165 22
    endloop
  endfacet
  facet normal 0 0 1
    outer loop
      vertex 5.492552861189433 -11.672268976811651 22
      vertex 6.214622395912127 -11.304356172565837 22
      vertex 6.214622395912126 11.30435617256584 22
    endloop
  endfacet
  facet normal 0 0 1
    outer loop
      vertex 6.214622395912127 -11.304356172565837 22
      vertex 6.9121656552290505 -10.891830238975997 22
      vertex 6.912165655229056 10.891830238975993 22
    endloop
  endfacet
  facet normal 0 0 1
    outer loop
      vertex 6.9121656552290505 -10.891830238975997 22
      vertex 7.582429754572902 -10.43631922743682 22
      vertex 7.582429754572902 10.43631922743682 22
    endloop
  endfacet
  facet normal 0 0 1
    outer loop
      vertex 7.582429754572902 -10.43631922743682 22
      vertex 8.2227694677581 -9.939620831807677 22
      vertex 8.222769467758097 9.939620831807678 22
    endloop
  endfacet
  facet normal 0 0 1
    outer loop
      vertex 8.2227694677581 -9.939620831807677 22
      vertex 8.83065766648008 -9.40369529373621 22
      vertex 8.830657666480084 9.403695293736208 22
    endloop
  endfacet
  facet normal 0 0 1
    outer loop
      vertex 8.83065766648008 -9.40369529373621 22
      vertex 9.40369529373621 -8.83065766648008 22
      vertex 9.403695293736208 8.830657666480084 22
    endloop
  endfacet
  facet normal 0 0 1
    outer loop
      vertex 9.40369529373621 -8.83065766648008 22
      vertex 9.939620831807677 -8.2227694677581 22
      vertex 9.939620831807678 8.222769467758097 22
    endloop
  endfacet
  facet normal 0 0 1
    outer loop
      vertex 9.939620831807677 -8.2227694677581 22
      vertex 10.43631922743682 -7.582429754572902 22
      vertex 10.43631922743682 7.582429754572902 22
    endloop
  endfacet
  facet normal 0 0 1
    outer loop
      vertex 10.43631922743682 -7.582429754572902 22
      vertex 10.891830238975997 -6.9121656552290505 22
      vertex 10.891830238975993 6.912165655229056 22
    endloop
  endfacet
  facet normal 0 0 1
    outer loop
      vertex 10.891830238975997 -6.9121656552290505 22
      vertex 11.304356172565837 -6.214622395912127 22
      vertex 11.30435617256584 6.214622395912127 22
    endloop
  endfacet
  facet normal 0 0 1
    outer loop
      vertex 11.304356172565837 -6.214622395912127 22
      vertex 11.672268976811651 -5.492552861189433 22
      vertex 11.672268976811651 5.492552861189437 22
    endloop
  endfacet
  facet normal 0 0 1
    outer loop
      vertex 11.672268976811651 -5.492552861189433 22
      vertex 11.994116667958439 -4.74880672963235 22
      vertex 11.99411666795844 4.748806729632346 22
    endloop
  endfacet
  facet normal 0 0 1
    outer loop
      vertex 11.994116667958439 -4.74880672963235 22
      vertex 12.268629060207479 -3.986319227436821 22
      vertex 12.268629060207479 3.986319227436821 22
    endloop
  endfacet
  facet normal 0 0 1
    outer loop
      vertex 12.268629060207479 -3.986319227436821 22
      vertex 12.49472277855934 -3.208099544426622 22
      vertex 12.494722778559339 3.2080995444266267 22
    endloop
  endfacet
  facet normal 0 0 1
    outer loop
      vertex 12.49472277855934 -3.208099544426622 22
      vertex 12.671505534400081 -2.41721895815585 22
      vertex 12.671505534400083 2.4172189581558476 22
    endloop
  endfacet
  facet normal 0 0 1
    outer loop
      vertex 12.671505534400081 -2.41721895815585 22
      vertex 12.798279646956763 -1.6167987129795223 22
      vertex 12.798279646956763 1.6167987129795247 22
    endloop
  endfacet
  facet normal 0 0 1
    outer loop
      vertex 12.798279646956763 -1.6167987129795223 22
      vertex 12.874544796724702 -0.8099977019281475 22
      vertex 12.874544796724702 0.8099977019281425 22
    endloop
  endfacet
  facet normal -0.03141075907812725 0.9995065603657316 0
    outer loop
      vertex 0 -12.899999999999999 22
      vertex 0 -12.899999999999999 30
      vertex 0.8099977019281475 -12.874544796724702 22
    endloop
  endfacet
  facet normal -0.0941083133185158 0.9955619646030799 0
    outer loop
      vertex 0.8099977019281475 -12.874544796724702 22
      vertex 0.8099977019281475 -12.874544796724702 30
      vertex 1.6167987129795223 -12.798279646956763 22
    endloop
  endfacet
  facet normal -0.1564344650402317 0.9876883405951375 0
    outer loop
      vertex 1.6167987129795223 -12.798279646956763 22
      vertex 1.6167987129795223 -12.798279646956763 30
      vertex 2.41721895815585 -12.671505534400081 22
    endloop
  endfacet
  facet normal -0.03141075907812725 0.9995065603657316 0
    outer loop
      vertex 0.8099977019281475 -12.874544796724702 22
      vertex 0 -12.899999999999999 30
      vertex 0.8099977019281475 -12.874544796724702 30
    endloop
  endfacet
  facet normal -0.0941083133185158 0.9955619646030799 0
    outer loop
      vertex 1.6167987129795223 -12.798279646956763 22
      vertex 0.8099977019281475 -12.874544796724702 30
      vertex 1.6167987129795223 -12.798279646956763 30
    endloop
  endfacet
  facet normal -0.1564344650402317 0.9876883405951375 0
    outer loop
      vertex 2.41721895815585 -12.671505534400081 22
      vertex 1.6167987129795223 -12.798279646956763 30
      vertex 2.41721895815585 -12.671505534400081 30
    endloop
  endfacet
  facet normal -0.21814324139654193 0.9759167619387475 0
    outer loop
      vertex 2.41721895815585 -12.671505534400081 22
      vertex 2.41721895815585 -12.671505534400081 30
      vertex 3.208099544426622 -12.49472277855934 22
    endloop
  endfacet
  facet normal -0.2789911060392299 0.9602936856769428 0
    outer loop
      vertex 3.208099544426622 -12.49472277855934 22
      vertex 3.208099544426622 -12.49472277855934 30
      vertex 3.986319227436821 -12.268629060207479 22
    endloop
  endfacet
  facet normal -0.21814324139654193 0.9759167619387475 0
    outer loop
      vertex 3.208099544426622 -12.49472277855934 22
      vertex 2.41721895815585 -12.671505534400081 30
      vertex 3.208099544426622 -12.49472277855934 30
    endloop
  endfacet
  facet normal -0.2789911060392299 0.9602936856769428 0
    outer loop
      vertex 3.986319227436821 -12.268629060207479 22
      vertex 3.208099544426622 -12.49472277855934 30
      vertex 3.986319227436821 -12.268629060207479 30
    endloop
  endfacet
  facet normal -0.3387379202452915 0.9408807689542255 0
    outer loop
      vertex 3.986319227436821 -12.268629060207479 22
      vertex 3.986319227436821 -12.268629060207479 30
      vertex 4.74880672963235 -11.994116667958439 22
    endloop
  endfacet
  facet normal -0.3387379202452915 0.9408807689542255 0
    outer loop
      vertex 4.74880672963235 -11.994116667958439 22
      vertex 3.986319227436821 -12.268629060207479 30
      vertex 4.74880672963235 -11.994116667958439 30
    endloop
  endfacet
  facet normal -0.3971478906347808 0.917754625683981 0
    outer loop
      vertex 4.74880672963235 -11.994116667958439 22
      vertex 4.74880672963235 -11.994116667958439 30
      vertex 5.492552861189433 -11.672268976811651 22
    endloop
  endfacet
  facet normal -0.4539904997395466 0.8910065241883679 0
    outer loop
      vertex 5.492552861189433 -11.672268976811651 22
      vertex 5.492552861189433 -11.672268976811651 30
      vertex 6.214622395912127 -11.304356172565837 22
    endloop
  endfacet
  facet normal -0.50904141575037 0.8607420270039444 0
    outer loop
      vertex 6.214622395912127 -11.304356172565837 22
      vertex 6.214622395912127 -11.304356172565837 30
      vertex 6.9121656552290505 -10.891830238975997 22
    endloop
  endfacet
  facet normal -0.5620833778521309 0.8270805742745617 0
    outer loop
      vertex 6.9121656552290505 -10.891830238975997 22
      vertex 6.9121656552290505 -10.891830238975997 30
      vertex 7.582429754572902 -10.43631922743682 22
    endloop
  endfacet
  facet normal -0.3971478906347808 0.917754625683981 0
    outer loop
      vertex 5.492552861189433 -11.672268976811651 22
      vertex 4.74880672963235 -11.994116667958439 30
      vertex 5.492552861189433 -11.672268976811651 30
    endloop
  endfacet
  facet normal -0.4539904997395466 0.8910065241883679 0
    outer loop
      vertex 6.214622395912127 -11.304356172565837 22
      vertex 5.492552861189433 -11.672268976811651 30
      vertex 6.214622395912127 -11.304356172565837 30
    endloop
  endfacet
  facet normal -0.50904141575037 0.8607420270039444 0
    outer loop
      vertex 6.9121656552290505 -10.891830238975997 22
      vertex 6.214622395912127 -11.304356172565837 30
      vertex 6.9121656552290505 -10.891830238975997 30
    endloop
  endfacet
  facet normal -0.6129070536529766 0.7901550123756904 0
    outer loop
      vertex 7.582429754572902 -10.43631922743682 22
      vertex 7.582429754572902 -10.43631922743682 30
      vertex 8.2227694677581 -9.939620831807677 22
    endloop
  endfacet
  facet normal -0.5620833778521309 0.8270805742745617 0
    outer loop
      vertex 7.582429754572902 -10.43631922743682 22
      vertex 6.9121656552290505 -10.891830238975997 30
      vertex 7.582429754572902 -10.43631922743682 30
    endloop
  endfacet
  facet normal -0.6129070536529766 0.7901550123756904 0
    outer loop
      vertex 8.2227694677581 -9.939620831807677 22
      vertex 7.582429754572902 -10.43631922743682 30
      vertex 8.2227694677581 -9.939620831807677 30
    endloop
  endfacet
  facet normal -0.6613118653236522 0.7501110696304594 0
    outer loop
      vertex 8.2227694677581 -9.939620831807677 22
      vertex 8.2227694677581 -9.939620831807677 30
      vertex 8.83065766648008 -9.40369529373621 22
    endloop
  endfacet
  facet normal -0.7071067811865476 0.7071067811865476 0
    outer loop
      vertex 8.83065766648008 -9.40369529373621 22
      vertex 8.83065766648008 -9.40369529373621 30
      vertex 9.40369529373621 -8.83065766648008 22
    endloop
  endfacet
  facet normal -0.7501110696304594 0.6613118653236522 0
    outer loop
      vertex 9.40369529373621 -8.83065766648008 22
      vertex 9.40369529373621 -8.83065766648008 30
      vertex 9.939620831807677 -8.2227694677581 22
    endloop
  endfacet
  facet normal -0.6613118653236522 0.7501110696304594 0
    outer loop
      vertex 8.83065766648008 -9.40369529373621 22
      vertex 8.2227694677581 -9.939620831807677 30
      vertex 8.83065766648008 -9.40369529373621 30
    endloop
  endfacet
  facet normal -0.7071067811865476 0.7071067811865476 0
    outer loop
      vertex 9.40369529373621 -8.83065766648008 22
      vertex 8.83065766648008 -9.40369529373621 30
      vertex 9.40369529373621 -8.83065766648008 30
    endloop
  endfacet
  facet normal -0.7501110696304594 0.6613118653236522 0
    outer loop
      vertex 9.939620831807677 -8.2227694677581 22
      vertex 9.40369529373621 -8.83065766648008 30
      vertex 9.939620831807677 -8.2227694677581 30
    endloop
  endfacet
  facet normal -0.7901550123756904 0.6129070536529766 0
    outer loop
      vertex 9.939620831807677 -8.2227694677581 22
      vertex 9.939620831807677 -8.2227694677581 30
      vertex 10.43631922743682 -7.582429754572902 22
    endloop
  endfacet
  facet normal -0.8270805742745617 0.5620833778521309 0
    outer loop
      vertex 10.43631922743682 -7.582429754572902 22
      vertex 10.43631922743682 -7.582429754572902 30
      vertex 10.891830238975997 -6.9121656552290505 22
    endloop
  endfacet
  facet normal -0.7901550123756904 0.6129070536529766 0
    outer loop
      vertex 10.43631922743682 -7.582429754572902 22
      vertex 9.939620831807677 -8.2227694677581 30
      vertex 10.43631922743682 -7.582429754572902 30
    endloop
  endfacet
  facet normal -0.8607420270039444 0.50904141575037 0
    outer loop
      vertex 10.891830238975997 -6.9121656552290505 22
      vertex 10.891830238975997 -6.9121656552290505 30
      vertex 11.304356172565837 -6.214622395912127 22
    endloop
  endfacet
  facet normal -0.8910065241883679 0.4539904997395466 0
    outer loop
      vertex 11.304356172565837 -6.214622395912127 22
      vertex 11.304356172565837 -6.214622395912127 30
      vertex 11.672268976811651 -5.492552861189433 22
    endloop
  endfacet
  facet normal -0.917754625683981 0.3971478906347808 0
    outer loop
      vertex 11.672268976811651 -5.492552861189433 22
      vertex 11.672268976811651 -5.492552861189433 30
      vertex 11.994116667958439 -4.74880672963235 22
    endloop
  endfacet
  facet normal -0.8270805742745617 0.5620833778521309 0
    outer loop
      vertex 10.891830238975997 -6.9121656552290505 22
      vertex 10.43631922743682 -7.582429754572902 30
      vertex 10.891830238975997 -6.9121656552290505 30
    endloop
  endfacet
  facet normal -0.8607420270039444 0.50904141575037 0
    outer loop
      vertex 11.304356172565837 -6.214622395912127 22
      vertex 10.891830238975997 -6.9121656552290505 30
      vertex 11.304356172565837 -6.214622395912127 30
    endloop
  endfacet
  facet normal -0.8910065241883679 0.4539904997395466 0
    outer loop
      vertex 11.672268976811651 -5.492552861189433 22
      vertex 11.304356172565837 -6.214622395912127 30
      vertex 11.672268976811651 -5.492552861189433 30
    endloop
  endfacet
  facet normal -0.917754625683981 0.3971478906347808 0
    outer loop
      vertex 11.994116667958439 -4.74880672963235 22
      vertex 11.672268976811651 -5.492552861189433 30
      vertex 11.994116667958439 -4.74880672963235 30
    endloop
  endfacet
  facet normal -0.9408807689542255 0.3387379202452915 0
    outer loop
      vertex 11.994116667958439 -4.74880672963235 22
      vertex 11.994116667958439 -4.74880672963235 30
      vertex 12.268629060207479 -3.986319227436821 22
    endloop
  endfacet
  facet normal -0.9408807689542255 0.3387379202452915 0
    outer loop
      vertex 12.268629060207479 -3.986319227436821 22
      vertex 11.994116667958439 -4.74880672963235 30
      vertex 12.268629060207479 -3.986319227436821 30
    endloop
  endfacet
  facet normal -0.9602936856769428 0.2789911060392299 0
    outer loop
      vertex 12.268629060207479 -3.986319227436821 22
      vertex 12.268629060207479 -3.986319227436821 30
      vertex 12.49472277855934 -3.208099544426622 22
    endloop
  endfacet
  facet normal -0.9759167619387475 0.21814324139654193 0
    outer loop
      vertex 12.49472277855934 -3.208099544426622 22
      vertex 12.49472277855934 -3.208099544426622 30
      vertex 12.671505534400081 -2.41721895815585 22
    endloop
  endfacet
  facet normal -0.9602936856769428 0.2789911060392299 0
    outer loop
      vertex 12.49472277855934 -3.208099544426622 22
      vertex 12.268629060207479 -3.986319227436821 30
      vertex 12.49472277855934 -3.208099544426622 30
    endloop
  endfacet
  facet normal -0.9759167619387475 0.21814324139654193 0
    outer loop
      vertex 12.671505534400081 -2.41721895815585 22
      vertex 12.49472277855934 -3.208099544426622 30
      vertex 12.671505534400081 -2.41721895815585 30
    endloop
  endfacet
  facet normal -0.9876883405951375 0.1564344650402317 0
    outer loop
      vertex 12.671505534400081 -2.41721895815585 22
      vertex 12.671505534400081 -2.41721895815585 30
      vertex 12.798279646956763 -1.6167987129795223 22
    endloop
  endfacet
  facet normal -0.9955619646030799 0.0941083133185158 0
    outer loop
      vertex 12.798279646956763 -1.6167987129795223 22
      vertex 12.798279646956763 -1.6167987129795223 30
      vertex 12.874544796724702 -0.8099977019281475 22
    endloop
  endfacet
  facet normal -0.9995065603657316 0.03141075907812725 0
    outer loop
      vertex 12.874544796724702 -0.8099977019281475 22
      vertex 12.874544796724702 -0.8099977019281475 30
      vertex 12.899999999999999 0 22
    endloop
  endfacet
  facet normal -0.9876883405951375 0.1564344650402317 0
    outer loop
      vertex 12.798279646956763 -1.6167987129795223 22
      vertex 12.671505534400081 -2.41721895815585 30
      vertex 12.798279646956763 -1.6167987129795223 30
    endloop
  endfacet
  facet normal -0.9955619646030799 0.0941083133185158 0
    outer loop
      vertex 12.874544796724702 -0.8099977019281475 22
      vertex 12.798279646956763 -1.6167987129795223 30
      vertex 12.874544796724702 -0.8099977019281475 30
    endloop
  endfacet
  facet normal -0.9995065603657316 0.03141075907812725 1.931990387912297e-19
    outer loop
      vertex 12.874544796724702 -0.8099977019281475 30
      vertex 12.899999999999999 0 30
      vertex 12.899999999999999 0 22
    endloop
  endfacet
  facet normal 0 0 1
    outer loop
      vertex 3.208099544426622 -12.49472277855934 22
      vertex 3.208099544426627 12.494722778559339 22
      vertex 3.2 0 22
    endloop
  endfacet
  facet normal 0 0 1
    outer loop
      vertex 3.2 0 22
      vertex 3.208099544426627 12.494722778559339 22
      vertex 3.1936855309704693 0.2009296624938028 22
    endloop
  endfacet
  facet normal 0 0 1
    outer loop
      vertex 3.208099544426622 -12.49472277855934 22
      vertex 3.986319227436821 12.268629060207479 22
      vertex 3.208099544426627 12.494722778559339 22
    endloop
  endfacet
  facet normal 0 0 1
    outer loop
      vertex 3.1936855309704693 0.2009296624938028 22
      vertex 3.208099544426627 12.494722778559339 22
      vertex 3.1747670442063294 0.4010663474057736 22
    endloop
  endfacet
  facet normal 0 0 1
    outer loop
      vertex 3.1747670442063294 0.4010663474057736 22
      vertex 3.208099544426627 12.494722778559339 22
      vertex 3.143319202331804 0.5996202066743188 22
    endloop
  endfacet
  facet normal 0 0 1
    outer loop
      vertex 3.143319202331804 0.5996202066743188 22
      vertex 3.208099544426627 12.494722778559339 22
      vertex 3.0994661156116194 0.7958076389275354 22
    endloop
  endfacet
  facet normal 0 0 1
    outer loop
      vertex 3.0994661156116194 0.7958076389275354 22
      vertex 3.208099544426627 12.494722778559339 22
      vertex 3.0433808521444914 0.9888543819998317 22
    endloop
  endfacet
  facet normal 0 0 1
    outer loop
      vertex 3.0433808521444914 0.9888543819998317 22
      vertex 3.208099544426627 12.494722778559339 22
      vertex 2.9752847548424044 1.1779985685909695 22
    endloop
  endfacet
  facet normal 0 0 1
    outer loop
      vertex 3.986319227436821 -12.268629060207479 22
      vertex 4.748806729632344 11.994116667958442 22
      vertex 3.986319227436821 12.268629060207479 22
    endloop
  endfacet
  facet normal 0 0 1
    outer loop
      vertex 0.2009296624938025 3.1936855309704693 22
      vertex 0.40106634740577374 3.1747670442063294 22
      vertex 0.8099977019281411 12.874544796724702 22
    endloop
  endfacet
  facet normal 0 0 1
    outer loop
      vertex 0.40106634740577374 3.1747670442063294 22
      vertex 0.5996202066743187 3.143319202331804 22
      vertex 0.8099977019281411 12.874544796724702 22
    endloop
  endfacet
  facet normal 0 0 1
    outer loop
      vertex 0 3.2 22
      vertex 0.2009296624938025 3.1936855309704693 22
      vertex 0.8099977019281411 12.874544796724702 22
    endloop
  endfacet
  facet normal 0 0 1
    outer loop
      vertex 0.5996202066743187 3.143319202331804 22
      vertex 0.7958076389275356 3.0994661156116194 22
      vertex 0.8099977019281411 12.874544796724702 22
    endloop
  endfacet
  facet normal 0 0 1
    outer loop
      vertex 0.7958076389275356 3.0994661156116194 22
      vertex 0.9888543819998317 3.0433808521444914 22
      vertex 0.8099977019281411 12.874544796724702 22
    endloop
  endfacet
  facet normal 0 0 1
    outer loop
      vertex 1.5416117571254888 2.8041813761403636 22
      vertex 1.7146457439327893 2.7018493616064485 22
      vertex 1.6167987129795252 12.798279646956763 22
    endloop
  endfacet
  facet normal 0 0 1
    outer loop
      vertex 1.880912807335914 2.588854381999832 22
      vertex 2.0397567671958075 2.4656423768825255 22
      vertex 2.4172189581558468 12.671505534400083 22
    endloop
  endfacet
  facet normal 0 0 1
    outer loop
      vertex 1.7146457439327893 2.7018493616064485 22
      vertex 1.880912807335914 2.588854381999832 22
      vertex 2.4172189581558468 12.671505534400083 22
    endloop
  endfacet
  facet normal 0 0 1
    outer loop
      vertex 2.332699607748517 2.190550738971804 22
      vertex 2.4656423768825255 2.0397567671958075 22
      vertex 2.4172189581558468 12.671505534400083 22
    endloop
  endfacet
  facet normal 0 0 1
    outer loop
      vertex 2.332699607748517 2.190550738971804 22
      vertex 2.4172189581558468 12.671505534400083 22
      vertex 2.190550738971804 2.332699607748517 22
    endloop
  endfacet
  facet normal 0 0 1
    outer loop
      vertex 2.0397567671958075 2.4656423768825255 22
      vertex 2.190550738971804 2.332699607748517 22
      vertex 2.4172189581558468 12.671505534400083 22
    endloop
  endfacet
  facet normal 0 0 1
    outer loop
      vertex 0.9888543819998317 3.0433808521444914 22
      vertex 1.1779985685909693 2.975284754842405 22
      vertex 1.6167987129795252 12.798279646956763 22
    endloop
  endfacet
  facet normal 0 0 1
    outer loop
      vertex 1.3624937330082327 2.8954465678912626 22
      vertex 1.6167987129795252 12.798279646956763 22
      vertex 1.1779985685909693 2.975284754842405 22
    endloop
  endfacet
  facet normal 0 0 1
    outer loop
      vertex 1.3624937330082327 2.8954465678912626 22
      vertex 1.5416117571254888 2.8041813761403636 22
      vertex 1.6167987129795252 12.798279646956763 22
    endloop
  endfacet
  facet normal 0 0 1
    outer loop
      vertex 0 3.2 22
      vertex 0.8099977019281411 12.874544796724702 22
      vertex 0 12.899999999999999 22
    endloop
  endfacet
  facet normal 0 0 1
    outer loop
      vertex 0.9888543819998317 3.0433808521444914 22
      vertex 1.6167987129795252 12.798279646956763 22
      vertex 0.8099977019281411 12.874544796724702 22
    endloop
  endfacet
  facet normal 0 0 1
    outer loop
      vertex 1.7146457439327893 2.7018493616064485 22
      vertex 2.4172189581558468 12.671505534400083 22
      vertex 1.6167987129795252 12.798279646956763 22
    endloop
  endfacet
  facet normal 0 0 1
    outer loop
      vertex 2.8954465678912626 1.3624937330082325 22
      vertex 2.9752847548424044 1.1779985685909695 22
      vertex 3.208099544426627 12.494722778559339 22
    endloop
  endfacet
  facet normal 0 0 1
    outer loop
      vertex 2.8954465678912626 1.3624937330082325 22
      vertex 3.208099544426627 12.494722778559339 22
      vertex 2.8041813761403636 1.541611757125489 22
    endloop
  endfacet
  facet normal 0 0 1
    outer loop
      vertex 2.588854381999832 1.880912807335914 22
      vertex 3.208099544426627 12.494722778559339 22
      vertex 2.4656423768825255 2.0397567671958075 22
    endloop
  endfacet
  facet normal 0 0 1
    outer loop
      vertex 2.588854381999832 1.880912807335914 22
      vertex 2.7018493616064485 1.7146457439327893 22
      vertex 3.208099544426627 12.494722778559339 22
    endloop
  endfacet
  facet normal 0 0 1
    outer loop
      vertex 2.8041813761403636 1.541611757125489 22
      vertex 3.208099544426627 12.494722778559339 22
      vertex 2.7018493616064485 1.7146457439327893 22
    endloop
  endfacet
  facet normal 0 0 1
    outer loop
      vertex 2.4656423768825255 2.0397567671958075 22
      vertex 3.208099544426627 12.494722778559339 22
      vertex 2.4172189581558468 12.671505534400083 22
    endloop
  endfacet
  facet normal 0 0 1
    outer loop
      vertex 4.74880672963235 -11.994116667958439 22
      vertex 5.492552861189438 11.67226897681165 22
      vertex 4.748806729632344 11.994116667958442 22
    endloop
  endfacet
  facet normal 0 0 1
    outer loop
      vertex 5.492552861189433 -11.672268976811651 22
      vertex 6.214622395912126 11.30435617256584 22
      vertex 5.492552861189438 11.67226897681165 22
    endloop
  endfacet
  facet normal 0 0 1
    outer loop
      vertex 6.214622395912127 -11.304356172565837 22
      vertex 6.912165655229056 10.891830238975993 22
      vertex 6.214622395912126 11.30435617256584 22
    endloop
  endfacet
  facet normal 0 0 1
    outer loop
      vertex 6.9121656552290505 -10.891830238975997 22
      vertex 7.582429754572902 10.43631922743682 22
      vertex 6.912165655229056 10.891830238975993 22
    endloop
  endfacet
  facet normal 0 0 1
    outer loop
      vertex 7.582429754572902 -10.43631922743682 22
      vertex 8.222769467758097 9.939620831807678 22
      vertex 7.582429754572902 10.43631922743682 22
    endloop
  endfacet
  facet normal 0 0 1
    outer loop
      vertex 8.2227694677581 -9.939620831807677 22
      vertex 8.830657666480084 9.403695293736208 22
      vertex 8.222769467758097 9.939620831807678 22
    endloop
  endfacet
  facet normal 0 0 1
    outer loop
      vertex 8.83065766648008 -9.40369529373621 22
      vertex 9.403695293736208 8.830657666480084 22
      vertex 8.830657666480084 9.403695293736208 22
    endloop
  endfacet
  facet normal 0 0 1
    outer loop
      vertex 9.40369529373621 -8.83065766648008 22
      vertex 9.939620831807678 8.222769467758097 22
      vertex 9.403695293736208 8.830657666480084 22
    endloop
  endfacet
  facet normal 0 0 1
    outer loop
      vertex 10.43631922743682 -7.582429754572902 22
      vertex 10.891830238975993 6.912165655229056 22
      vertex 10.43631922743682 7.582429754572902 22
    endloop
  endfacet
  facet normal 0 0 1
    outer loop
      vertex 11.304356172565837 -6.214622395912127 22
      vertex 11.672268976811651 5.492552861189437 22
      vertex 11.30435617256584 6.214622395912127 22
    endloop
  endfacet
  facet normal 0 0 1
    outer loop
      vertex 10.891830238975997 -6.9121656552290505 22
      vertex 11.30435617256584 6.214622395912127 22
      vertex 10.891830238975993 6.912165655229056 22
    endloop
  endfacet
  facet normal 0 0 1
    outer loop
      vertex 11.672268976811651 -5.492552861189433 22
      vertex 11.99411666795844 4.748806729632346 22
      vertex 11.672268976811651 5.492552861189437 22
    endloop
  endfacet
  facet normal 0 0 1
    outer loop
      vertex 11.994116667958439 -4.74880672963235 22
      vertex 12.268629060207479 3.986319227436821 22
      vertex 11.99411666795844 4.748806729632346 22
    endloop
  endfacet
  facet normal 0 0 1
    outer loop
      vertex 9.939620831807677 -8.2227694677581 22
      vertex 10.43631922743682 7.582429754572902 22
      vertex 9.939620831807678 8.222769467758097 22
    endloop
  endfacet
  facet normal 0 0 1
    outer loop
      vertex 12.798279646956763 -1.6167987129795223 22
      vertex 12.874544796724702 0.8099977019281425 22
      vertex 12.798279646956763 1.6167987129795247 22
    endloop
  endfacet
  facet normal 0 0 1
    outer loop
      vertex 12.671505534400081 -2.41721895815585 22
      vertex 12.798279646956763 1.6167987129795247 22
      vertex 12.671505534400083 2.4172189581558476 22
    endloop
  endfacet
  facet normal 0 0 1
    outer loop
      vertex 12.268629060207479 -3.986319227436821 22
      vertex 12.494722778559339 3.2080995444266267 22
      vertex 12.268629060207479 3.986319227436821 22
    endloop
  endfacet
  facet normal 0 0 1
    outer loop
      vertex 12.49472277855934 -3.208099544426622 22
      vertex 12.671505534400083 2.4172189581558476 22
      vertex 12.494722778559339 3.2080995444266267 22
    endloop
  endfacet
  facet normal 0 0 1
    outer loop
      vertex 12.874544796724702 -0.8099977019281475 22
      vertex 12.899999999999999 0 22
      vertex 12.874544796724702 0.8099977019281425 22
    endloop
  endfacet
  facet normal -0.750111069630461 -0.6613118653236503 -2.497364369166969e-18
    outer loop
      vertex 9.403695293736208 8.830657666480084 22
      vertex 9.939620831807678 8.222769467758097 22
      vertex 9.939620831807678 8.222769467758097 30
    endloop
  endfacet
  facet normal -0.6613118653236503 -0.750111069630461 -2.497364369166969e-18
    outer loop
      vertex 8.222769467758097 9.939620831807678 22
      vertex 8.830657666480084 9.403695293736208 22
      vertex 8.830657666480084 9.403695293736208 30
    endloop
  endfacet
  facet normal -0.7071067811865476 -0.7071067811865476 0
    outer loop
      vertex 9.403695293736208 8.830657666480084 22
      vertex 9.403695293736208 8.830657666480084 30
      vertex 8.830657666480084 9.403695293736208 22
    endloop
  endfacet
  facet normal -0.6613118653236503 -0.750111069630461 0
    outer loop
      vertex 8.222769467758097 9.939620831807678 22
      vertex 8.830657666480084 9.403695293736208 30
      vertex 8.222769467758097 9.939620831807678 30
    endloop
  endfacet
  facet normal -0.7071067811865476 -0.7071067811865476 0
    outer loop
      vertex 8.830657666480084 9.403695293736208 22
      vertex 9.403695293736208 8.830657666480084 30
      vertex 8.830657666480084 9.403695293736208 30
    endloop
  endfacet
  facet normal -0.750111069630461 -0.6613118653236503 0
    outer loop
      vertex 9.403695293736208 8.830657666480084 22
      vertex 9.939620831807678 8.222769467758097 30
      vertex 9.403695293736208 8.830657666480084 30
    endloop
  endfacet
  facet normal -0.031410759078127494 -0.9995065603657316 3.706926467354612e-20
    outer loop
      vertex 0 12.899999999999999 22
      vertex 0.8099977019281411 12.874544796724702 22
      vertex 0.8099977019281411 12.874544796724702 30
    endloop
  endfacet
  facet normal -0.09410831331851473 -0.99556196460308 -2.9394473302753874e-19
    outer loop
      vertex 0.8099977019281411 12.874544796724702 22
      vertex 1.6167987129795252 12.798279646956763 22
      vertex 1.6167987129795252 12.798279646956763 30
    endloop
  endfacet
  facet normal -0.15643446504023073 -0.9876883405951379 -2.093641822123882e-19
    outer loop
      vertex 1.6167987129795252 12.798279646956763 22
      vertex 2.4172189581558468 12.671505534400083 22
      vertex 2.4172189581558468 12.671505534400083 30
    endloop
  endfacet
  facet normal -0.031410759078127494 -0.9995065603657316 0
    outer loop
      vertex 0 12.899999999999999 22
      vertex 0.8099977019281411 12.874544796724702 30
      vertex 0 12.899999999999999 30
    endloop
  endfacet
  facet normal -0.09410831331851473 -0.99556196460308 0
    outer loop
      vertex 0.8099977019281411 12.874544796724702 22
      vertex 1.6167987129795252 12.798279646956763 30
      vertex 0.8099977019281411 12.874544796724702 30
    endloop
  endfacet
  facet normal -0.15643446504023073 -0.9876883405951379 0
    outer loop
      vertex 1.6167987129795252 12.798279646956763 22
      vertex 2.4172189581558468 12.671505534400083 30
      vertex 1.6167987129795252 12.798279646956763 30
    endloop
  endfacet
  facet normal -0.33873792024529004 -0.9408807689542259 1.1178740956954245e-18
    outer loop
      vertex 3.986319227436821 12.268629060207479 22
      vertex 4.748806729632344 11.994116667958442 22
      vertex 4.748806729632344 11.994116667958442 30
    endloop
  endfacet
  facet normal -0.33873792024529004 -0.9408807689542259 0
    outer loop
      vertex 3.986319227436821 12.268629060207479 22
      vertex 4.748806729632344 11.994116667958442 30
      vertex 3.986319227436821 12.268629060207479 30
    endloop
  endfacet
  facet normal -0.2181432413965439 -0.9759167619387471 5.730540523501413e-19
    outer loop
      vertex 2.4172189581558468 12.671505534400083 22
      vertex 3.208099544426627 12.494722778559339 22
      vertex 3.208099544426627 12.494722778559339 30
    endloop
  endfacet
  facet normal -0.2789911060392296 -0.960293685676943 1.0604840641615946e-18
    outer loop
      vertex 3.208099544426627 12.494722778559339 22
      vertex 3.986319227436821 12.268629060207479 22
      vertex 3.986319227436821 12.268629060207479 30
    endloop
  endfacet
  facet normal -0.2181432413965439 -0.9759167619387471 0
    outer loop
      vertex 2.4172189581558468 12.671505534400083 22
      vertex 3.208099544426627 12.494722778559339 30
      vertex 2.4172189581558468 12.671505534400083 30
    endloop
  endfacet
  facet normal -0.2789911060392296 -0.960293685676943 0
    outer loop
      vertex 3.208099544426627 12.494722778559339 22
      vertex 3.986319227436821 12.268629060207479 30
      vertex 3.208099544426627 12.494722778559339 30
    endloop
  endfacet
  facet normal -0.3971478906347815 -0.9177546256839807 0
    outer loop
      vertex 5.492552861189438 11.67226897681165 22
      vertex 5.492552861189438 11.67226897681165 30
      vertex 4.748806729632344 11.994116667958442 22
    endloop
  endfacet
  facet normal -0.45399049973954625 -0.8910065241883682 -3.581808954989639e-18
    outer loop
      vertex 5.492552861189438 11.67226897681165 22
      vertex 6.214622395912126 11.30435617256584 22
      vertex 6.214622395912126 11.30435617256584 30
    endloop
  endfacet
  facet normal -0.509041415750371 -0.8607420270039438 2.661956781182624e-17
    outer loop
      vertex 6.214622395912126 11.30435617256584 22
      vertex 6.912165655229056 10.891830238975993 22
      vertex 6.447170816825507 11.166827419817116 30
    endloop
  endfacet
  facet normal -0.3971478906347815 -0.9177546256839807 0
    outer loop
      vertex 4.748806729632344 11.994116667958442 22
      vertex 5.492552861189438 11.67226897681165 30
      vertex 4.748806729632344 11.994116667958442 30
    endloop
  endfacet
  facet normal -0.45399049973954625 -0.8910065241883682 0
    outer loop
      vertex 5.492552861189438 11.67226897681165 22
      vertex 6.214622395912126 11.30435617256584 30
      vertex 5.492552861189438 11.67226897681165 30
    endloop
  endfacet
  facet normal -0.5090414157503713 -0.8607420270039435 0
    outer loop
      vertex 6.912165655229056 10.891830238975993 22
      vertex 6.912165655229056 10.891830238975993 30
      vertex 6.447170816825507 11.166827419817116 30
    endloop
  endfacet
  facet normal -0.5620833778521309 -0.8270805742745616 0
    outer loop
      vertex 6.912165655229056 10.891830238975993 22
      vertex 7.582429754572902 10.43631922743682 30
      vertex 6.912165655229056 10.891830238975993 30
    endloop
  endfacet
  facet normal -0.5090414157503702 -0.8607420270039442 0
    outer loop
      vertex 6.214622395912126 11.30435617256584 22
      vertex 6.447170816825507 11.166827419817116 30
      vertex 6.214622395912126 11.30435617256584 30
    endloop
  endfacet
  facet normal -0.6129070536529773 -0.7901550123756896 8.707417887589484e-17
    outer loop
      vertex 7.582429754572902 10.43631922743682 22
      vertex 8.222769467758097 9.939620831807678 22
      vertex 7.7749999999999995 10.286946433621226 30
    endloop
  endfacet
  facet normal -0.5620833778521309 -0.8270805742745616 -3.757497660182348e-18
    outer loop
      vertex 6.912165655229056 10.891830238975993 22
      vertex 7.582429754572902 10.43631922743682 22
      vertex 7.582429754572902 10.43631922743682 30
    endloop
  endfacet
  facet normal -0.612907053652975 -0.7901550123756914 0
    outer loop
      vertex 7.582429754572902 10.43631922743682 22
      vertex 7.7749999999999995 10.286946433621226 30
      vertex 7.582429754572902 10.43631922743682 30
    endloop
  endfacet
  facet normal -0.6129070536529783 -0.7901550123756889 0
    outer loop
      vertex 8.222769467758097 9.939620831807678 22
      vertex 8.222769467758097 9.939620831807678 30
      vertex 7.7749999999999995 10.286946433621226 30
    endloop
  endfacet
  facet normal -0.9408807689542256 -0.3387379202452913 0
    outer loop
      vertex 12.268629060207479 3.986319227436821 22
      vertex 12.268629060207479 3.986319227436821 30
      vertex 11.99411666795844 4.748806729632346 22
    endloop
  endfacet
  facet normal -0.9408807689542256 -0.3387379202452913 0
    outer loop
      vertex 11.99411666795844 4.748806729632346 22
      vertex 12.268629060207479 3.986319227436821 30
      vertex 11.99411666795844 4.748806729632346 30
    endloop
  endfacet
  facet normal -0.9995065603657315 -0.03141075907812744 0
    outer loop
      vertex 12.899999999999999 0 22
      vertex 12.899999999999999 0 30
      vertex 12.874544796724702 0.8099977019281425 22
    endloop
  endfacet
  facet normal -0.99556196460308 -0.09410831331851494 0
    outer loop
      vertex 12.874544796724702 0.8099977019281425 22
      vertex 12.874544796724702 0.8099977019281425 30
      vertex 12.798279646956763 1.6167987129795247 22
    endloop
  endfacet
  facet normal -0.9876883405951377 -0.15643446504023045 0
    outer loop
      vertex 12.798279646956763 1.6167987129795247 22
      vertex 12.798279646956763 1.6167987129795247 30
      vertex 12.671505534400083 2.4172189581558476 22
    endloop
  endfacet
  facet normal -0.9995065603657315 -0.03141075907812744 0
    outer loop
      vertex 12.874544796724702 0.8099977019281425 22
      vertex 12.899999999999999 0 30
      vertex 12.874544796724702 0.8099977019281425 30
    endloop
  endfacet
  facet normal -0.99556196460308 -0.09410831331851494 0
    outer loop
      vertex 12.798279646956763 1.6167987129795247 22
      vertex 12.874544796724702 0.8099977019281425 30
      vertex 12.798279646956763 1.6167987129795247 30
    endloop
  endfacet
  facet normal -0.9876883405951377 -0.15643446504023045 0
    outer loop
      vertex 12.671505534400083 2.4172189581558476 22
      vertex 12.798279646956763 1.6167987129795247 30
      vertex 12.671505534400083 2.4172189581558476 30
    endloop
  endfacet
  facet normal -0.9759167619387471 -0.21814324139654426 -1.6292966440029402e-18
    outer loop
      vertex 12.494722778559339 3.2080995444266267 22
      vertex 12.671505534400083 2.4172189581558476 22
      vertex 12.671505534400083 2.4172189581558476 30
    endloop
  endfacet
  facet normal -0.960293685676943 -0.2789911060392295 0
    outer loop
      vertex 12.494722778559339 3.2080995444266267 22
      vertex 12.494722778559339 3.2080995444266267 30
      vertex 12.268629060207479 3.986319227436821 22
    endloop
  endfacet
  facet normal -0.9759167619387471 -0.21814324139654426 0
    outer loop
      vertex 12.494722778559339 3.2080995444266267 22
      vertex 12.671505534400083 2.4172189581558476 30
      vertex 12.494722778559339 3.2080995444266267 30
    endloop
  endfacet
  facet normal -0.960293685676943 -0.2789911060392295 0
    outer loop
      vertex 12.268629060207479 3.986319227436821 22
      vertex 12.494722778559339 3.2080995444266267 30
      vertex 12.268629060207479 3.986319227436821 30
    endloop
  endfacet
  facet normal -0.8270805742745616 -0.5620833778521309 -3.757497660182348e-18
    outer loop
      vertex 10.43631922743682 7.582429754572902 22
      vertex 10.891830238975993 6.912165655229056 22
      vertex 10.891830238975993 6.912165655229056 30
    endloop
  endfacet
  facet normal -0.8910065241883679 -0.45399049973954664 -1.5785631069227958e-18
    outer loop
      vertex 11.30435617256584 6.214622395912127 22
      vertex 11.672268976811651 5.492552861189437 22
      vertex 11.672268976811651 5.492552861189437 30
    endloop
  endfacet
  facet normal -0.9177546256839818 -0.39714789063477907 0
    outer loop
      vertex 11.99411666795844 4.748806729632346 22
      vertex 11.99411666795844 4.748806729632346 30
      vertex 11.672268976811651 5.492552861189437 22
    endloop
  endfacet
  facet normal -0.8607420270039432 -0.5090414157503719 0
    outer loop
      vertex 11.30435617256584 6.214622395912127 22
      vertex 11.30435617256584 6.214622395912127 30
      vertex 10.891830238975993 6.912165655229056 22
    endloop
  endfacet
  facet normal -0.8910065241883679 -0.45399049973954664 0
    outer loop
      vertex 11.30435617256584 6.214622395912127 22
      vertex 11.672268976811651 5.492552861189437 30
      vertex 11.30435617256584 6.214622395912127 30
    endloop
  endfacet
  facet normal -0.9177546256839818 -0.39714789063477907 0
    outer loop
      vertex 11.672268976811651 5.492552861189437 22
      vertex 11.99411666795844 4.748806729632346 30
      vertex 11.672268976811651 5.492552861189437 30
    endloop
  endfacet
  facet normal -0.8607420270039432 -0.5090414157503719 0
    outer loop
      vertex 10.891830238975993 6.912165655229056 22
      vertex 11.30435617256584 6.214622395912127 30
      vertex 10.891830238975993 6.912165655229056 30
    endloop
  endfacet
  facet normal -0.7901550123756896 -0.6129070536529773 -2.2318112225985627e-18
    outer loop
      vertex 9.939620831807678 8.222769467758097 22
      vertex 10.43631922743682 7.582429754572902 22
      vertex 10.43631922743682 7.582429754572902 30
    endloop
  endfacet
  facet normal -0.7901550123756896 -0.6129070536529773 0
    outer loop
      vertex 9.939620831807678 8.222769467758097 22
      vertex 10.43631922743682 7.582429754572902 30
      vertex 9.939620831807678 8.222769467758097 30
    endloop
  endfacet
  facet normal -0.8270805742745616 -0.5620833778521309 0
    outer loop
      vertex 10.43631922743682 7.582429754572902 22
      vertex 10.891830238975993 6.912165655229056 30
      vertex 10.43631922743682 7.582429754572902 30
    endloop
  endfacet
endsolid OpenSCAD_Model
